"curve_id","n_det","tau","fidelity","p_opt"
1,2,1.,0.26778292283307764,0.13099239977649244
1,2,1.,0.2718866226081362,0.12984952907191682
1,2,1.,0.27599032238319465,0.12909937735849517
1,2,1.,0.2800940221582532,0.12835830034447449
1,2,1.,0.28419772193331166,0.12762601969842352
1,2,1.,0.2883014217083702,0.12690226464669851
1,2,1.,0.2924051214834287,0.12618677175072818
1,2,1.,0.2965088212584872,0.12547928469118527
1,2,1.,0.3006125210335457,0.12477955405882528
1,2,1.,0.3047162208086042,0.12408733715177715
1,2,1.,0.3088199205836627,0.12340239777908069
1,2,1.,0.31292362035872123,0.12272450607027086
1,2,1.,0.3170273201337797,0.12205343829081684
1,2,1.,0.32113101990883824,0.1213889766632295
1,2,1.,0.3252347196838967,0.12073090919365832
1,2,1.,0.32933841945895526,0.1200790295038034
1,2,1.,0.3334421192340138,0.11943313666797613
1,2,1.,0.33754581900907227,0.11879303505514531
1,2,1.,0.34164951878413075,0.11815853417581328
1,2,1.,0.3457532185591893,0.11752944853356996
1,2,1.,0.3498569183342478,0.11659557976544106
1,2,1.,0.3539606181093063,0.11597925214952703
1,2,1.,0.3580643178843648,0.1153677278153385
1,2,1.,0.3621680176594233,0.11476084201661121
1,2,1.,0.36627171743448184,0.11415843426105671
1,2,1.,0.3703754172095403,0.11356034818897716
1,2,1.,0.37447911698459885,0.11296643145557507
1,2,1.,0.3785828167596573,0.11237653561684519
1,2,1.,0.38268651653471586,0.11179051601893926
1,2,1.,0.3867902163097744,0.1112082316908984
1,2,1.,0.39089391608483287,0.11062954524064995
1,2,1.,0.39499761585989135,0.11005432275417086
1,2,1.,0.3991013156349499,0.10919769931487622
1,2,1.,0.4032050154100084,0.10863057281453174
1,2,1.,0.4073087151850669,0.10806646758366172
1,2,1.,0.41141241496012537,0.10750526419182287
1,2,1.,0.4155161147351839,0.10694684618450893
1,2,1.,0.41961981451024244,0.10639110000070535
1,2,1.,0.4237235142853009,0.10583791489296733
1,2,1.,0.4278272140603594,0.10501270370378318
1,2,1.,0.43193091383541793,0.10446545453753961
1,2,1.,0.43603461361047646,0.10392039989092168
1,2,1.,0.440138313385535,0.10337744075253286
1,2,1.,0.4442420131605935,0.10283648052689179
1,2,1.,0.44834571293565195,0.1020285826165403
1,2,1.,0.4524494127107105,0.10149221233894763
1,2,1.,0.456553112485769,0.10095752099176233
1,2,1.,0.4606568122608275,0.10042442207275167
1,2,1.,0.464760512035886,0.09962757538224057
1,2,1.,0.4688642118109445,0.09909809261158097
1,2,1.,0.47296791158600304,0.09856991554756361
1,2,1.,0.4770716113610615,0.09777992900502616
1,2,1.,0.48117531113612,0.09725468093150642
1,2,1.,0.48527901091117853,0.09673047510287079
1,2,1.,0.48938271068623707,0.09594596508452373
1,2,1.,0.49348641046129554,0.09542405665654348
1,2,1.,0.4975901102363541,0.0946426735176764
1,2,1.,0.5016938100114126,0.0941226427194886
1,2,1.,0.5057975097864711,0.09334377532611798
1,2,1.,0.5099012095615296,0.09282522673305182
1,2,1.,0.5140049093365882,0.09204829937004334
1,2,1.,0.5181086091116466,0.09153086046541521
1,2,1.,0.5222123088867051,0.0907553307710035
1,2,1.,0.5263160086617635,0.09023865062859295
1,2,1.,0.5304197084368221,0.08946400770441632
1,2,1.,0.5345234082118806,0.0886896640494704
1,2,1.,0.5386271079869391,0.08817351847079617
1,2,1.,0.5427308077619977,0.08739930534625148
1,2,1.,0.5468345075370562,0.08662495919584948
1,2,1.,0.5509382073121147,0.08585032846562812
1,2,1.,0.5550419070871732,0.08507526710010244
1,2,1.,0.5591456068622317,0.08429963439007021
1,2,1.,0.5632493066372901,0.08352329483044273
1,2,1.,0.5673530064123486,0.08274611798782486
1,2,1.,0.5714567061874072,0.08196797837758756
1,2,1.,0.5755604059624657,0.08118875535019408
1,2,1.,0.5796641057375242,0.08040833298655904
1,2,1.,0.5837678055125828,0.07962660000223568
1,2,1.,0.5878715052876412,0.07858206677455415
1,2,1.,0.5919752050626997,0.07779686830052941
1,2,1.,0.5960789048377582,0.07674735561139719
1,2,1.,0.6001826046128167,0.0759581665854925
1,2,1.,0.6042863043878752,0.07490301089039114
1,2,1.,0.6083900041629338,0.07384436035851935
1,2,1.,0.6124937039379923,0.07278203493170354
1,2,1.,0.6165974037130508,0.0717158676322299
1,2,1.,0.6207011034881094,0.07064570451413223
1,2,1.,0.6248048032631678,0.06957140465695433
1,2,1.,0.6289085030382263,0.06822251901072904
1,2,1.,0.6330122028132847,0.06686675007216376
1,2,1.,0.6371159025883433,0.0655039094954694
1,2,1.,0.6412196023634018,0.06413384195678916
1,2,1.,0.6453233021384603,0.06248005254759363
1,2,1.,0.6494270019135189,0.06081553893220109
1,2,1.,0.6535307016885774,0.05914023144681441
1,2,1.,0.6576344014636358,0.05717207890926993
1,2,1.,0.6617381012386944,0.054620294951306235
1,2,1.,0.6658418010137529,0.052045234122550674
1,2,1.,0.6699455007888113,0.04886811188883102
1,2,1.,0.6740492005638699,0.044488657795673424
1,2,1.,0.6781529003389284,0.03265212146721225
2,2,0.95,0.2677009878212067,0.12203351821224644
2,2,0.95,0.2716928509960971,0.12108809505369857
2,2,0.95,0.2756847141709875,0.12046499986695447
2,2,0.95,0.27967657734587786,0.1198474478991774
2,2,0.95,0.28366844052076823,0.11923526732330549
2,2,0.95,0.2876603036956586,0.11862829063443976
2,2,0.95,0.291652166870549,0.118026354530174
2,2,0.95,0.2956440300454394,0.11742929979443888
2,2,0.95,0.29963589322032974,0.11683697118475303
2,2,0.95,0.3036277563952201,0.1162492173227801
2,2,0.95,0.3076196195701105,0.11566589058809026
2,2,0.95,0.3116114827450009,0.11508684701503284
2,2,0.95,0.31560334591989125,0.1142260063824872
2,2,0.95,0.3195952090947817,0.11365706395283491
2,2,0.95,0.32358707226967204,0.11309192816724845
2,2,0.95,0.3275789354445624,0.11253047030919443
2,2,0.95,0.33157079861945277,0.11197256480130267
2,2,0.95,0.33556266179434313,0.11141808912031975
2,2,0.95,0.33955452496923355,0.11086692371454494
2,2,0.95,0.3435463881441239,0.1103189519236762
2,2,0.95,0.3475382513190143,0.10977405990099726
2,2,0.95,0.3515301144939047,0.1092321365378359
2,2,0.95,0.35552197766879506,0.10869307339022935
2,2,0.95,0.35951384084368543,0.10815676460773263
2,2,0.95,0.36350570401857585,0.10735724051657812
2,2,0.95,0.3674975671934662,0.1068273709529661
2,2,0.95,0.3714894303683566,0.10629990472216568
2,2,0.95,0.37548129354324694,0.10577474681799562
2,2,0.95,0.3794731567181373,0.10525180447188963
2,2,0.95,0.3834650198930277,0.10473098709421896
2,2,0.95,0.3874568830679181,0.10421220621734138
2,2,0.95,0.39144874624280845,0.10369537544032935
2,2,0.95,0.3954406094176989,0.10292360165123907
2,2,0.95,0.39943247259258924,0.10241128120291595
2,2,0.95,0.4034243357674796,0.1019006239663633
2,2,0.95,0.40741619894237,0.10139155219959535
2,2,0.95,0.41140806211726033,0.10088398995134132
2,2,0.95,0.41539992529215075,0.10037786301561319
2,2,0.95,0.4193917884670411,0.09962120567344604
2,2,0.95,0.4233836516419315,0.09911835342718985
2,2,0.95,0.4273755148168219,0.09861668989224548
2,2,0.95,0.43136737799171226,0.09811614818989564
2,2,0.95,0.43535924116660263,0.09736729650386457
2,2,0.95,0.43935110434149305,0.0968692766647054
2,2,0.95,0.44334296751638336,0.09637215630218826
2,2,0.95,0.4473348306912738,0.09587587508692826
2,2,0.95,0.45132669386616414,0.09513289803432977
2,2,0.95,0.4553185570410545,0.09463845959416085
2,2,0.95,0.4593104202159449,0.09414465965180889
2,2,0.95,0.4633022833908353,0.09340503813600289
2,2,0.95,0.46729414656572565,0.09291259886426455
2,2,0.95,0.4712860097406161,0.09242061278723837
2,2,0.95,0.47527787291550644,0.09168337370255193
2,2,0.95,0.4792697360903968,0.09119230303892105
2,2,0.95,0.4832615992652872,0.09045621133648277
2,2,0.95,0.48725346244017753,0.08996575904431729
2,2,0.95,0.49124532561506795,0.08923038165224222
2,2,0.95,0.4952371887899583,0.08874026713953678
2,2,0.95,0.4992290519648487,0.08800519501813042
2,2,0.95,0.5032209151397391,0.08751515330366359
2,2,0.95,0.5072127783146294,0.08678000024307629
2,2,0.95,0.5112046414895198,0.08604462232279027
2,2,0.95,0.5151965046644102,0.08555418271782689
2,2,0.95,0.5191883678393006,0.0848181507170375
2,2,0.95,0.523180231014191,0.08408156578729398
2,2,0.95,0.5271720941890814,0.08359014493202335
2,2,0.95,0.5311639573639717,0.08285238451911604
2,2,0.95,0.5351558205388621,0.08211377310817405
2,2,0.95,0.5391476837137525,0.0813742062773706
2,2,0.95,0.5431395468886429,0.08063358348293416
2,2,0.95,0.5471314100635333,0.07989180798284874
2,2,0.95,0.5511232732384237,0.07914878676697991
2,2,0.95,0.555115136413314,0.07840443049350077
2,2,0.95,0.5591069995882043,0.07765865343150395
2,2,0.95,0.5630988627630948,0.07691137340969374
2,2,0.95,0.5670907259379852,0.07616251177106409
2,2,0.95,0.5710825891128755,0.07516143984518157
2,2,0.95,0.5750744522877659,0.0744086013360905
2,2,0.95,0.5790663154626563,0.07340197614916245
2,2,0.95,0.5830581786375466,0.07264479489037469
2,2,0.95,0.587050041812437,0.07163215727609602
2,2,0.95,0.5910419049873274,0.07087031030085063
2,2,0.95,0.5950337681622178,0.06985125810687967
2,2,0.95,0.5990256313371082,0.06882838179795038
2,2,0.95,0.6030174945119986,0.06780157934720768
2,2,0.95,0.6070093576868889,0.06651241715999476
2,2,0.95,0.6110012208617793,0.06547646383658762
2,2,0.95,0.6149930840366697,0.06417563354037205
2,2,0.95,0.61898494721156,0.06286816342480847
2,2,0.95,0.6229768103864505,0.06155397647744433
2,2,0.95,0.6269686735613409,0.060233024662503534
2,2,0.95,0.6309605367362312,0.05863892950213975
2,2,0.95,0.6349523999111215,0.05703509622864512
2,2,0.95,0.638944263086012,0.055421619859146946
2,2,0.95,0.6429361262609024,0.05325561470664415
2,2,0.95,0.6469279894357927,0.05107337030371033
2,2,0.95,0.6509198526106832,0.04860000969925878
2,2,0.95,0.6549117157855735,0.04555300830890428
2,2,0.95,0.6589035789604638,0.041362534571177716
2,2,0.95,0.6628954421353542,0.034888962987931475
2,2,0.95,0.6668873053102446,2.4579533597252977e-6
3,2,0.7,0.2676354122314447,0.082344894842969
3,2,0.7,0.27161971987032285,0.08182362198834547
3,2,0.7,0.275604027509201,0.0814773816551502
3,2,0.7,0.27958833514807907,0.08113208932484046
3,2,0.7,0.2835726427869572,0.08078768580458599
3,2,0.7,0.28755695042583534,0.08044411398495428
3,2,0.7,0.2915412580647135,0.07993019566854193
3,2,0.7,0.29552556570359156,0.07958846617326167
3,2,0.7,0.2995098733424697,0.07924738372601668
3,2,0.7,0.30349418098134784,0.07890689960791894
3,2,0.7,0.307478488620226,0.07856696676605102
3,2,0.7,0.31146279625910406,0.07822753974801125
3,2,0.7,0.3154471038979822,0.07771925198345807
3,2,0.7,0.31943141153686033,0.07738090061673357
3,2,0.7,0.32341571917573847,0.07704290771526011
3,2,0.7,0.32740002681461655,0.07670523429290975
3,2,0.7,0.3313843344534947,0.0763678426520611
3,2,0.7,0.3353686420923728,0.0758622041065463
3,2,0.7,0.33935294973125096,0.07552536001253707
3,2,0.7,0.3433372573701291,0.07518867521816723
3,2,0.7,0.3473215650090072,0.07485211724886605
3,2,0.7,0.3513058726478853,0.07434744961531947
3,2,0.7,0.35529018028676346,0.07401107339474684
3,2,0.7,0.35927448792564154,0.07367471831876651
3,2,0.7,0.3632587955645197,0.07333835632406566
3,2,0.7,0.3672431032033978,0.07283374114271164
3,2,0.7,0.37122741084227595,0.07249724480987305
3,2,0.7,0.3752117184811541,0.07216065011006961
3,2,0.7,0.3791960261200322,0.07165552064222647
3,2,0.7,0.3831803337589103,0.07131857529685107
3,2,0.7,0.38716464139778844,0.07098144973701662
3,2,0.7,0.3911489490366666,0.07047537604339556
3,2,0.7,0.39513325667554466,0.07013770613973785
3,2,0.7,0.3991175643144228,0.06979978269811823
3,2,0.7,0.40310187195330094,0.06929237962657307
3,2,0.7,0.4070861795921791,0.06895373826951318
3,2,0.7,0.4110704872310572,0.06844517215002924
3,2,0.7,0.41505479486993535,0.06810570004083771
3,2,0.7,0.41903910250881343,0.06759580812119283
3,2,0.7,0.42302341014769157,0.06725540094821233
3,2,0.7,0.42700771778656965,0.06674403281138083
3,2,0.7,0.4309920254254478,0.06640259420189329
3,2,0.7,0.4349763330643259,0.06588961094028421
3,2,0.7,0.43896064070320406,0.0655470519439941
3,2,0.7,0.4429449483420822,0.0650323254330833
3,2,0.7,0.44692925598096034,0.06451649571790546
3,2,0.7,0.4509135636198384,0.06417197633095154
3,2,0.7,0.45489787125871656,0.06365421923927543
3,2,0.7,0.4588821788975947,0.06313525577132575
3,2,0.7,0.4628664865364728,0.06261505083504237
3,2,0.7,0.4668507941753509,0.062267541362101164
3,2,0.7,0.47083510181422905,0.061745194411478514
3,2,0.7,0.4748194094531072,0.06122152147498327
3,2,0.7,0.4788037170919853,0.060696494134690485
3,2,0.7,0.48278802473086346,0.060170085702964345
3,2,0.7,0.48677233236974154,0.05964227119188786
3,2,0.7,0.4907566400086197,0.059113027286596176
3,2,0.7,0.49474094764749776,0.05858233232234521
3,2,0.7,0.4987252552863759,0.05805016626516014
3,2,0.7,0.502709562925254,0.05733829155091464
3,2,0.7,0.5066938705641322,0.05680262408151909
3,2,0.7,0.5106781782030103,0.056265430337193556
3,2,0.7,0.5146624858418885,0.055546775375162394
3,2,0.7,0.5186467934807666,0.05500597207573165
3,2,0.7,0.5226311011196447,0.05428246700440199
3,2,0.7,0.5266154087585229,0.05355616406882196
3,2,0.7,0.530599716397401,0.052827050392959825
3,2,0.7,0.534584024036279,0.05227836571324877
3,2,0.7,0.5385683316751572,0.051360364844541206
3,2,0.7,0.5425526393140353,0.05062279293753945
3,2,0.7,0.5465369469529134,0.049882410379089415
3,2,0.7,0.5505212545917915,0.04895300050962547
3,2,0.7,0.5545055622306696,0.0482063510866826
3,2,0.7,0.5584898698695477,0.04726917991758218
3,2,0.7,0.5624741775084259,0.046327780405316044
3,2,0.7,0.566458485147304,0.045192630608567846
3,2,0.7,0.5704427927861822,0.0440516692035496
3,2,0.7,0.5744271004250603,0.04290509304079108
3,2,0.7,0.5784114080639384,0.04175313343575562
3,2,0.7,0.5823957157028166,0.040209280785244314
3,2,0.7,0.5863800233416947,0.038657077432826974
3,2,0.7,0.5903643309805728,0.036901953698374075
3,2,0.7,0.594348638619451,0.03494248123422763
3,2,0.7,0.5983329462583291,0.03258136318833811
3,2,0.7,0.6023172538972071,0.029424711646260454
3,2,0.7,0.6063015615360853,0.024897023400111486
3,2,0.7,0.6102858691749634,0.016651859397468553
3,2,0.7,0.6142701768138416,0.01013714725067761
3,2,0.7,0.6182544844527196,0.007019879891920116
3,2,0.7,0.6222387920915977,0.0050763374441619375
3,2,0.7,0.6262230997304759,0.00383423080012827
3,2,0.7,0.630207407369354,0.0028358081374571975
3,2,0.7,0.6341917150082321,0.0020541388922889143
3,2,0.7,0.6381760226471103,0.001459769204115096
3,2,0.7,0.6421603302859884,0.001022285819479401
3,2,0.7,0.6461446379248665,0.0007119095907713927
3,2,0.7,0.6501289455637447,0.0004085734344928601
3,2,0.7,0.6541132532026228,0.0002505146466389215
3,2,0.7,0.658097560841501,0.00010529937087338403
3,2,0.7,0.6620818684803791,0.00003294707052919929
3,2,0.7,0.6660661761192572,1.3361618906543252e-6
4,4,1.,0.2676491246222137,0.14215379655785487
4,4,1.,0.2728148751653075,0.14098527970321703
4,4,1.,0.2779806257084014,0.1398312532426904
4,4,1.,0.2831463762514952,0.13869126250273567
4,4,1.,0.288312126794589,0.13756486611565577
4,4,1.,0.2934778773376829,0.1368212754448264
4,4,1.,0.2986436278807767,0.13571658993735497
4,4,1.,0.3038093784238705,0.13462438283022773
4,4,1.,0.3089751289669644,0.1339029806912763
4,4,1.,0.3141408795100582,0.13283069411389004
4,4,1.,0.319306630053152,0.13176985143882589
4,4,1.,0.3244723805962459,0.13106879824129147
4,4,1.,0.3296381311393397,0.13002621435142855
4,4,1.,0.3348038816824335,0.12899411296663377
4,4,1.,0.33996963222552734,0.1283116991312116
4,4,1.,0.3451353827686212,0.12729631027418026
4,4,1.,0.35030113331171503,0.12662473030627028
4,4,1.,0.35546688385480885,0.12562514097988928
4,4,1.,0.3606326343979027,0.12463460902437139
4,4,1.,0.36579838494099653,0.12397913424967685
4,4,1.,0.37096413548409035,0.12300301897116277
4,4,1.,0.3761298860271842,0.12235687929494388
4,4,1.,0.38129563657027804,0.121394361462792
4,4,1.,0.38646138711337186,0.12075702160333077
4,4,1.,0.39162713765646573,0.11980731405501185
4,4,1.,0.39679288819955955,0.11886492743303603
4,4,1.,0.40195863874265336,0.11824060509502715
4,4,1.,0.40712438928574723,0.11730983110443305
4,4,1.,0.41229013982884105,0.11669301060585976
4,4,1.,0.41745589037193487,0.11577313653165322
4,4,1.,0.42262164091502874,0.11516335139091469
4,4,1.,0.42778739145812256,0.11425369008243637
4,4,1.,0.4329531420012164,0.11365049034365422
4,4,1.,0.43811889254431025,0.11275037869304633
4,4,1.,0.44328464308740406,0.11215332994858569
4,4,1.,0.4484503936304979,0.11126212747792917
4,4,1.,0.45361614417359175,0.11037597200608391
4,4,1.,0.45878189471668557,0.10978789751107121
4,4,1.,0.4639476452597794,0.10890967028783764
4,4,1.,0.46911339580287326,0.10832668376820122
4,4,1.,0.4742791463459671,0.10745579725260643
4,4,1.,0.4794448968890609,0.10687751321996238
4,4,1.,0.48461064743215476,0.10601339821212973
4,4,1.,0.4897763979752486,0.10515308014838053
4,4,1.,0.4949421485183424,0.1045815477141256
4,4,1.,0.5001078990614363,0.10372712613536002
4,4,1.,0.50527364960453,0.1031593479881906
4,4,1.,0.5104394001476239,0.10231029691905298
4,4,1.,0.5156051506907178,0.10146422200538453
4,4,1.,0.5207709012338115,0.10090173609123868
4,4,1.,0.5259366517769054,0.1000602212505531
4,4,1.,0.5311024023199993,0.09922120725694508
4,4,1.,0.536268152863093,0.0986631684885889
4,4,1.,0.5414339034061869,0.09782793990574508
4,4,1.,0.5465996539492808,0.09699475753709352
4,4,1.,0.5517654044923745,0.09644035759758979
4,4,1.,0.5569311550354684,0.09561021922940795
4,4,1.,0.5620969055785623,0.09478169172264563
4,4,1.,0.567262656121656,0.09395461654518461
4,4,1.,0.5724284066647499,0.09340396278489291
4,4,1.,0.5775941572078438,0.0925789626063043
4,4,1.,0.5827599077509376,0.09175500405151862
4,4,1.,0.5879256582940314,0.0909319374927407
4,4,1.,0.5930914088371253,0.09010961563283984
4,4,1.,0.5982571593802191,0.08928789347130546
4,4,1.,0.6034229099233129,0.08846662827434491
4,4,1.,0.6085886604664068,0.08764567954912522
4,4,1.,0.6137544110095006,0.08682490902216869
4,4,1.,0.6189201615525944,0.08600418062192194
4,4,1.,0.6240859120956883,0.0851833604655265
4,4,1.,0.6292516626387821,0.08436231684982887
4,4,1.,0.6344174131818759,0.08354092024667745
4,4,1.,0.6395831637249698,0.08271904330256304
4,4,1.,0.6447489142680636,0.08189656084266998
4,4,1.,0.6499146648111574,0.08107334987941418
4,4,1.,0.6550804153542513,0.07997439358529429
4,4,1.,0.6602461658973451,0.0791490168896654
4,4,1.,0.665411916440439,0.0783225177323075
4,4,1.,0.6705776669835328,0.07721857731425152
4,4,1.,0.6757434175266266,0.07638902248193315
4,4,1.,0.6809091680697205,0.07528061165856374
4,4,1.,0.6860749186128143,0.07416930142515624
4,4,1.,0.6912406691559081,0.07333377069281309
4,4,1.,0.696406419699002,0.0722168112919012
4,4,1.,0.7015721702420958,0.07109630923680531
4,4,1.,0.7067379207851896,0.06997204649015078
4,4,1.,0.7119036713282835,0.06884381401807402
4,4,1.,0.7170694218713773,0.06742763780336603
4,4,1.,0.7222351724144711,0.06628975857739802
4,4,1.,0.727400922957565,0.06486094669142511
4,4,1.,0.7325666735006588,0.06342465553091385
4,4,1.,0.7377324240437526,0.06198059279338816
4,4,1.,0.7428981745868465,0.060528496919748084
4,4,1.,0.7480639251299404,0.058775058817322555
4,4,1.,0.7532296756730341,0.05700939893308041
4,4,1.,0.758395426216128,0.05523127117283379
4,4,1.,0.7635611767592219,0.053140826052257825
4,4,1.,0.7687269273023156,0.050730613954751536
4,4,1.,0.7738926778454095,0.04768650443589758
4,4,1.,0.7790584283885034,0.04367928810209218
4,4,1.,0.7842241789315971,0.03457190736300799
5,4,0.95,0.26760259780254375,0.13282133290676637
5,4,0.95,0.27255650388830616,0.13181297742532044
5,4,0.95,0.2775104099740686,0.13081466423814808
5,4,0.95,0.282464316059831,0.12982608354055994
5,4,0.95,0.2874182221455934,0.12917228724835975
5,4,0.95,0.29237212823135583,0.12819926006971052
5,4,0.95,0.29732603431711824,0.12723517676619042
5,4,0.95,0.3022799404028807,0.12659728361068515
5,4,0.95,0.3072338464886431,0.1256474824423753
5,4,0.95,0.3121877525744055,0.12470588693740274
5,4,0.95,0.31714165866016797,0.12408258426393456
5,4,0.95,0.3220955647459304,0.12315407940178208
5,4,0.95,0.3270494708316928,0.122233087582646
5,4,0.95,0.3320033769174552,0.12162314381770802
5,4,0.95,0.3369572830032176,0.12071412346056379
5,4,0.95,0.34191118908898005,0.12011193652881008
5,4,0.95,0.34686509517474245,0.1192142218259649
5,4,0.95,0.35181900126050486,0.11861935601125564
5,4,0.95,0.3567729073462673,0.11773230523386073
5,4,0.95,0.3617268134320297,0.11685135426948952
5,4,0.95,0.36668071951779213,0.11626733448762283
5,4,0.95,0.37163462560355454,0.11539606729379641
5,4,0.95,0.37658853168931694,0.11481830642388934
5,4,0.95,0.3815424377750794,0.11395613753375376
5,4,0.95,0.3864963438608418,0.11338425184805145
5,4,0.95,0.3914502499466042,0.11253061524401492
5,4,0.95,0.3964041560323667,0.11196423361059875
5,4,0.95,0.4013580621181291,0.11111858163401542
5,4,0.95,0.4063119682038915,0.11027746481287604
5,4,0.95,0.4112658742896539,0.10971914715149252
5,4,0.95,0.4162197803754163,0.10888517438348133
5,4,0.95,0.42117368646117875,0.10833144988526958
5,4,0.95,0.42612759254694116,0.10750411666917341
5,4,0.95,0.43108149863270356,0.10695465408026462
5,4,0.95,0.436035404718466,0.10613347093999664
5,4,0.95,0.44098931080422843,0.10558794875830864
5,4,0.95,0.44594321688999083,0.10477244046374312
5,4,0.95,0.45089712297575324,0.10423054643895131
5,4,0.95,0.45585102906151564,0.10342025128418449
5,4,0.95,0.4608049351472781,0.10261286776915883
5,4,0.95,0.4657588412330405,0.102076151091104
5,4,0.95,0.4707127473188029,0.10127326847092027
5,4,0.95,0.4756666534045654,0.10073940817767012
5,4,0.95,0.4806205594903278,0.09994059691543924
5,4,0.95,0.4855744655760902,0.09914402703670637
5,4,0.95,0.4905283716618526,0.09861415239935854
5,4,0.95,0.495482277747615,0.09782099004102825
5,4,0.95,0.5004361838333775,0.09729325249332058
5,4,0.95,0.5053900899191399,0.09650309665091274
5,4,0.95,0.5103439960049023,0.09571455648531325
5,4,0.95,0.5152979020906647,0.09518969212898809
5,4,0.95,0.5202518081764271,0.09440353787956103
5,4,0.95,0.5252057142621895,0.09361863442847304
5,4,0.95,0.5301596203479519,0.09283484868527642
5,4,0.95,0.5351135264337143,0.09231288097876277
5,4,0.95,0.5400674325194768,0.09153066768647472
5,4,0.95,0.5450213386052392,0.09074922678070742
5,4,0.95,0.5499752446910016,0.08996843227096972
5,4,0.95,0.554929150776764,0.08944820033620392
5,4,0.95,0.5598830568625265,0.08866820824171048
5,4,0.95,0.5648369629482889,0.08788853564806162
5,4,0.95,0.5697908690340513,0.08710906331652583
5,4,0.95,0.5747447751198138,0.08632967380920886
5,4,0.95,0.5796986812055762,0.08555025147750042
5,4,0.95,0.5846525872913386,0.08477068245363957
5,4,0.95,0.589606493377101,0.08425083284826977
5,4,0.95,0.5945603994628634,0.08347077111948467
5,4,0.95,0.5995143055486258,0.08242998317557203
5,4,0.95,0.6044682116343882,0.08164872420459546
5,4,0.95,0.6094221177201506,0.08086677584273178
5,4,0.95,0.614376023805913,0.08008403490935788
5,4,0.95,0.6193299298916755,0.0793004000362823
5,4,0.95,0.6242838359774379,0.07851577168587957
5,4,0.95,0.6292377420632003,0.07773005217285343
5,4,0.95,0.6341916481489627,0.07668056347229579
5,4,0.95,0.6391455542347252,0.07589192862946172
5,4,0.95,0.6440994603204876,0.07510189074033932
5,4,0.95,0.64905336640625,0.07404617029368551
5,4,0.95,0.6540072724920125,0.07325251481923985
5,4,0.95,0.6589611785777749,0.07219166002988381
5,4,0.95,0.6639150846635373,0.0711276018160064
5,4,0.95,0.6688689907492997,0.07032734298830699
5,4,0.95,0.6738228968350621,0.06925723258739429
5,4,0.95,0.6787768029208245,0.06818342161068293
5,4,0.95,0.683730709006587,0.06710574369680461
5,4,0.95,0.6886846150923494,0.0660240407243023
5,4,0.95,0.6936385211781118,0.06466602489247117
5,4,0.95,0.6985924272638742,0.06357473283014083
5,4,0.95,0.7035463333496366,0.06220430783969325
5,4,0.95,0.708500239435399,0.06110277741452306
5,4,0.95,0.7134541455211614,0.05971920455399478
5,4,0.95,0.7184080516069239,0.05832806606586414
5,4,0.95,0.7233619576926863,0.05664850583502348
5,4,0.95,0.7283158637784487,0.054957643194101014
5,4,0.95,0.7332697698642112,0.053255356555545454
5,4,0.95,0.7382236759499736,0.05125486696766164
5,4,0.95,0.743177582035736,0.049238864123454996
5,4,0.95,0.7481314881214984,0.04691622206802756
5,4,0.95,0.7530853942072608,0.04398608937251646
5,4,0.95,0.7580393002930232,0.040136144272250124
5,4,0.95,0.7629932063787856,0.030823777975261778
6,4,0.7,0.26755258276225347,0.09111569148368386
6,4,0.7,0.27164850825577075,0.0905436535492056
6,4,0.7,0.275744433749288,0.09016369960113672
6,4,0.7,0.27984035924280526,0.08978481979706283
6,4,0.7,0.28393628473632254,0.08921842378350874
6,4,0.7,0.28803221022983977,0.08884205021871917
6,4,0.7,0.29212813572335705,0.08846660991069498
6,4,0.7,0.29622406121687433,0.08790511585937565
6,4,0.7,0.3003199867103916,0.08753184316409642
6,4,0.7,0.30441591220390884,0.08715937344251311
6,4,0.7,0.30851183769742613,0.08660209710617196
6,4,0.7,0.3126077631909434,0.08623148137250707
6,4,0.7,0.31670368868446064,0.08586154776203478
6,4,0.7,0.3207996141779779,0.08530785444864947
6,4,0.7,0.3248955396714952,0.08493948347207896
6,4,0.7,0.32899146516501243,0.084571682182912
6,4,0.7,0.3330873906585297,0.08420441987538559
6,4,0.7,0.337183316152047,0.08365447129606579
6,4,0.7,0.3412792416455642,0.08328842596654173
6,4,0.7,0.3453751671390815,0.08292281671875597
6,4,0.7,0.3494710926325988,0.08237515903162322
6,4,0.7,0.353567018126116,0.08201051789780742
6,4,0.7,0.3576629436196333,0.08164621650717835
6,4,0.7,0.3617588691131506,0.08110034379199481
6,4,0.7,0.3658547946066678,0.08073677722933242
6,4,0.7,0.3699507201001851,0.08037345999187871
6,4,0.7,0.3740466455937024,0.0798288974304374
6,4,0.7,0.3781425710872196,0.07946609582067554
6,4,0.7,0.3822384965807369,0.0791034584832734
6,4,0.7,0.38633442207425417,0.07855975944102582
6,4,0.7,0.3904303475677714,0.07819743132451977
6,4,0.7,0.39452627306128873,0.07783518731227054
6,4,0.7,0.39862219855480596,0.07729193081436724
6,4,0.7,0.4027181240483232,0.07692980129379318
6,4,0.7,0.40681404954184053,0.07656768018005315
6,4,0.7,0.41090997503535776,0.07602446873584237
6,4,0.7,0.41500590052887504,0.07566227810240377
6,4,0.7,0.4191018260223923,0.07511886751834267
6,4,0.7,0.42319775151590955,0.07475648203079321
6,4,0.7,0.42729367700942683,0.07439398458836041
6,4,0.7,0.4313896025029441,0.07384998704983725
6,4,0.7,0.43548552799646134,0.07348712727553212
6,4,0.7,0.4395814534899786,0.07294249980579903
6,4,0.7,0.4436773789834959,0.07257916347559147
6,4,0.7,0.44777330447701313,0.07203373798200803
6,4,0.7,0.4518692299705304,0.07166981515491352
6,4,0.7,0.4559651554640477,0.07112342984105327
6,4,0.7,0.4600610809575649,0.0707588146937654
6,4,0.7,0.4641570064510822,0.07021131382962735
6,4,0.7,0.4682529319445995,0.06984590451517461
6,4,0.7,0.4723488574381167,0.06929713824242137
6,4,0.7,0.476444782931634,0.06874754317366591
6,4,0.7,0.4805407084251513,0.06838066094194963
6,4,0.7,0.4846366339186685,0.06782957251295416
6,4,0.7,0.4887325594121858,0.06727752278907967
6,4,0.7,0.4928284849057031,0.06690893207280703
6,4,0.7,0.4969244103992203,0.06635517517019643
6,4,0.7,0.5010203358927376,0.06580033284814431
6,4,0.7,0.5051162613862549,0.06524436069007782
6,4,0.7,0.5092121868797721,0.06487306348746595
6,4,0.7,0.5133081123732894,0.06431511270675398
6,4,0.7,0.5174040378668067,0.06375591929962854
6,4,0.7,0.5214999633603239,0.06319544309358113
6,4,0.7,0.5255958888538412,0.06263364508121118
6,4,0.7,0.5296918143473585,0.0620704874274146
6,4,0.7,0.5337877398408757,0.061505933478634124
6,4,0.7,0.537883665334393,0.06093994777417143
6,4,0.7,0.5419795908279103,0.06037249605956465
6,4,0.7,0.5460755163214275,0.059803545302039636
6,4,0.7,0.5501714418149448,0.05923306370804684
6,4,0.7,0.554267367308462,0.05866102074290011
6,4,0.7,0.5583632928019793,0.057895817614627476
6,4,0.7,0.5624592182954966,0.05732001994278069
6,4,0.7,0.5665551437890138,0.05654971286205328
6,4,0.7,0.5706510692825311,0.05597001806522987
6,4,0.7,0.5747469947760484,0.055388613818364546
6,4,0.7,0.5788429202695656,0.054610712096683764
6,4,0.7,0.5829388457630829,0.05382968653423929
6,4,0.7,0.5870347712566002,0.05304549518166984
6,4,0.7,0.5911306967501174,0.05245525171484786
6,4,0.7,0.5952266222436347,0.05166543453408187
6,4,0.7,0.599322547737152,0.05087236274377419
6,4,0.7,0.6034184732306692,0.04987641320364077
6,4,0.7,0.6075143987241864,0.04907594691972533
6,4,0.7,0.6116103242177038,0.04827217617508623
6,4,0.7,0.615706249711221,0.047262813293604856
6,4,0.7,0.6198021752047382,0.046248295194205716
6,4,0.7,0.6238981006982556,0.045228650045715864
6,4,0.7,0.6279940261917728,0.04420392443933399
6,4,0.7,0.63208995168529,0.04317418450177041
6,4,0.7,0.6361858771788074,0.04193200149244682
6,4,0.7,0.6402818026723247,0.040682916292564326
6,4,0.7,0.6443777281658418,0.03921725149865549
6,4,0.7,0.6484736536593592,0.037742997519770415
6,4,0.7,0.6525695791528765,0.0362607360852547
6,4,0.7,0.6566655046463936,0.03455781966230423
6,4,0.7,0.660761430139911,0.032417678723398326
6,4,0.7,0.6648573556334283,0.030052142407369396
6,4,0.7,0.6689532811269454,0.02724773717272874
6,4,0.7,0.6730492066204627,0.023367640417598957
6,4,0.7,0.6771451321139801,0.013333208927625488
7,10,1.,0.267758360988608,0.1522329272014877
7,10,1.,0.2738452292537637,0.15024113693899546
7,10,1.,0.2799320975189194,0.14877234716980794
7,10,1.,0.28601896578407504,0.14732447989802155
7,10,1.,0.29210583404923074,0.14589704944843948
7,10,1.,0.29819270231438644,0.14448957966111362
7,10,1.,0.30427957057954214,0.14310160362899302
7,10,1.,0.3103664388446978,0.14173266344347
7,10,1.,0.3164533071098535,0.14083038996465458
7,10,1.,0.3225401753750092,0.1394921822766219
7,10,1.,0.3286270436401649,0.1381718314839881
7,10,1.,0.3347139119053205,0.1368689106157532
7,10,1.,0.3408007801704762,0.1355830006084796
7,10,1.,0.3468876484356319,0.13431369009167773
7,10,1.,0.3529745167007876,0.13347650526793725
7,10,1.,0.3590613849659433,0.1322339666486996
7,10,1.,0.36514825323109895,0.13100696657645508
7,10,1.,0.37123512149625465,0.12979512015093564
7,10,1.,0.37732198976141035,0.12899545422286518
7,10,1.,0.383408858026566,0.12780802684887116
7,10,1.,0.3894957262917217,0.12663475933158552
7,10,1.,0.3955825945568774,0.12586026907363684
7,10,1.,0.4016694628220331,0.12470980224369164
7,10,1.,0.4077563310871888,0.12357254628133853
7,10,1.,0.4138431993523445,0.12282154442143473
7,10,1.,0.4199300676175001,0.12170554280689859
7,10,1.,0.4260169358826558,0.12060184475440536
7,10,1.,0.43210380414781147,0.1198727181379003
7,10,1.,0.43819067241296716,0.11878879511811691
7,10,1.,0.44427754067812286,0.11807255220282017
7,10,1.,0.45036440894327856,0.11700751160727584
7,10,1.,0.45645127720843426,0.11595338175120866
7,10,1.,0.46253814547358996,0.11525653770482054
7,10,1.,0.46862501373874565,0.11421991014813647
7,10,1.,0.4747118820039013,0.11353445437957067
7,10,1.,0.480798750269057,0.11251449501852559
7,10,1.,0.48688561853421264,0.11150414488353355
7,10,1.,0.49297248679936834,0.11083577396577653
7,10,1.,0.49905935506452404,0.10984080029213478
7,10,1.,0.5051462233296797,0.10918241801966683
7,10,1.,0.5112330915948354,0.1082020388729611
7,10,1.,0.5173199598599911,0.10755313020848166
7,10,1.,0.5234068281251467,0.10658658219733488
7,10,1.,0.5294936963903025,0.10562797385966545
7,10,1.,0.5355805646554581,0.10499318169567332
7,10,1.,0.5416674329206138,0.10404721970054268
7,10,1.,0.5477543011857695,0.10342061740786337
7,10,1.,0.5538411694509252,0.10248658301636757
7,10,1.,0.5599280377160809,0.10155936683938498
7,10,1.,0.5660149059812366,0.10094488718520109
7,10,1.,0.5721017742463923,0.10002848146015673
7,10,1.,0.5781886425115479,0.09942098124731678
7,10,1.,0.5842755107767037,0.09851470728902038
7,10,1.,0.5903623790418593,0.0976141926023302
7,10,1.,0.596449247307015,0.09701693232807651
7,10,1.,0.6025361155721707,0.09612549306951093
7,10,1.,0.6086229838373264,0.09523918979168493
7,10,1.,0.6147098521024821,0.09465106131138157
7,10,1.,0.6207967203676377,0.09377281160261335
7,10,1.,0.6268835886327935,0.09289909466602596
7,10,1.,0.6329704568979491,0.09231902554527838
7,10,1.,0.6390573251631049,0.09145237284538357
7,10,1.,0.6451441934282605,0.0905896686922122
7,10,1.,0.6512310616934162,0.08973069869623258
7,10,1.,0.6573179299585719,0.08916002182079868
7,10,1.,0.6634047982237276,0.08830680574123359
7,10,1.,0.6694916664888833,0.08745676417184159
7,10,1.,0.6755785347540388,0.08660969165539757
7,10,1.,0.6816654030191946,0.08576538508652716
7,10,1.,0.6877522712843502,0.08492364368173008
7,10,1.,0.693839139549506,0.08408426895277733
7,10,1.,0.6999260078146616,0.08324706468357256
7,10,1.,0.7060128760798173,0.08241183691057881
7,10,1.,0.712099744344973,0.08157839390692005
7,10,1.,0.7181866126101287,0.0807465461702778
7,10,1.,0.7242734808752844,0.07991610641471246
7,10,1.,0.73036034914044,0.07908688956655074
7,10,1.,0.7364472174055958,0.07825871276449152
7,10,1.,0.7425340856707514,0.07743139536409581
7,10,1.,0.7486209539359071,0.07632933428849499
7,10,1.,0.7547078222010628,0.07550333218254686
7,10,1.,0.7607946904662185,0.07440239175591562
7,10,1.,0.7668815587313742,0.0735767622230178
7,10,1.,0.7729684269965298,0.07247570493719833
7,10,1.,0.7790552952616856,0.07164953466428901
7,10,1.,0.7851421635268412,0.07054716293058569
7,10,1.,0.791229031791997,0.06944351836588768
7,10,1.,0.7973159000571526,0.06833823163935233
7,10,1.,0.8034027683223084,0.06723094185207397
7,10,1.,0.809489636587464,0.0661212968838907
7,10,1.,0.8155765048526196,0.06473040715131467
7,10,1.,0.8216633731177754,0.06361422382742728
7,10,1.,0.827750241382931,0.06221412931640158
7,10,1.,0.8338371096480868,0.06080806806925132
7,10,1.,0.8399239779132424,0.059112112782956534
7,10,1.,0.8460108461783982,0.05740580823292794
7,10,1.,0.8520977144435538,0.055688291998318235
7,10,1.,0.8581845827087096,0.05337948580994112
7,10,1.,0.8642714509738652,0.05104774549081525
7,10,1.,0.8703583192390207,0.04780182792931016
7,10,1.,0.8764451875041765,0.03993822031149623
8,10,0.95,0.2676916316689756,0.14039086997979427
8,10,0.95,0.27346985410657604,0.13870558983602568
8,10,0.95,0.2792480765441765,0.13746024668609957
8,10,0.95,0.285026298981777,0.13623045650080307
8,10,0.95,0.29080452141937746,0.13541906033893292
8,10,0.95,0.2965827438569779,0.13421440142469943
8,10,0.95,0.30236096629457837,0.13302435714162086
8,10,0.95,0.3081391887321788,0.13184858671631974
8,10,0.95,0.31391741116977934,0.1306867551884027
8,10,0.95,0.3196956336073798,0.12953853326069456
8,10,0.95,0.32547385604498025,0.1284035971536067
8,10,0.95,0.3312520784825807,0.12728162846351282
8,10,0.95,0.33703030092018116,0.12654069859625772
8,10,0.95,0.34280852335778167,0.1254396488707267
8,10,0.95,0.3485867457953821,0.12435074273274123
8,10,0.95,0.3543649682329826,0.123273680340423
8,10,0.95,0.36014319067058304,0.1225620726946757
8,10,0.95,0.3659214131081835,0.12150409644917046
8,10,0.95,0.371699635545784,0.12045718733726309
8,10,0.95,0.37747785798338446,0.1194210624042944
8,10,0.95,0.3832560804209849,0.11873616589517029
8,10,0.95,0.38903430285858537,0.1177173975342473
8,10,0.95,0.3948125252961858,0.11670867971146438
8,10,0.95,0.40059074773378633,0.11604165249285303
8,10,0.95,0.4063689701713868,0.11504909289710756
8,10,0.95,0.41214719260898725,0.11406587901826755
8,10,0.95,0.41792541504658776,0.11341546796562381
8,10,0.95,0.42370363748418816,0.11244726040429247
8,10,0.95,0.42948185992178867,0.11180661951558427
8,10,0.95,0.4352600823593891,0.11085272055488957
8,10,0.95,0.4410383047969896,0.1099070786415615
8,10,0.95,0.4468165272345901,0.10928111834568713
8,10,0.95,0.4525947496721905,0.10834870222484488
8,10,0.95,0.458372972109791,0.10773133886209006
8,10,0.95,0.46415119454739145,0.10681149172156074
8,10,0.95,0.4699294169849919,0.10589887679742882
8,10,0.95,0.4757076394225924,0.10529437196409465
8,10,0.95,0.4814858618601928,0.10439330524426602
8,10,0.95,0.48726408429779333,0.10379629133746361
8,10,0.95,0.4930423067353938,0.10290615276808776
8,10,0.95,0.49882052917299424,0.10202227895244277
8,10,0.95,0.5045987516105948,0.10143640351733724
8,10,0.95,0.5103769740481952,0.10056249289230713
8,10,0.95,0.5161551964857957,0.09998306286603151
8,10,0.95,0.5219334189233962,0.09911852850507669
8,10,0.95,0.5277116413609966,0.09825934313786094
8,10,0.95,0.533489863798597,0.09768942345815353
8,10,0.95,0.5392680862361976,0.09683869979714603
8,10,0.95,0.545046308673798,0.09599278512895598
8,10,0.95,0.5508245311113984,0.09543141573623062
8,10,0.95,0.5566027535489989,0.0945930768770515
8,10,0.95,0.5623809759865994,0.09403657715272094
8,10,0.95,0.5681591984241998,0.09320527426157856
8,10,0.95,0.5739374208618003,0.09237793809473266
8,10,0.95,0.5797156432994008,0.09182849121016394
8,10,0.95,0.5854938657370012,0.09100734839729932
8,10,0.95,0.5912720881746016,0.09018967430632721
8,10,0.95,0.5970503106122023,0.08937528598324168
8,10,0.95,0.6028285330498027,0.08883409642749715
8,10,0.95,0.6086067554874031,0.08802478328383502
8,10,0.95,0.6143849779250036,0.08721827780731414
8,10,0.95,0.6201632003626041,0.08641440429206063
8,10,0.95,0.6259414228002045,0.08587986491425507
8,10,0.95,0.631719645237805,0.08507999272895356
8,10,0.95,0.6374978676754055,0.0842822932474729
8,10,0.95,0.6432760901130059,0.08348659767359684
8,10,0.95,0.6490543125506063,0.0826927390529466
8,10,0.95,0.6548325349882069,0.0819005522597053
8,10,0.95,0.6606107574258073,0.0811098739861135
8,10,0.95,0.6663889798634077,0.08032054273482353
8,10,0.95,0.6721672023010082,0.07953239881420805
8,10,0.95,0.6779454247386087,0.07874528433672577
8,10,0.95,0.6837236471762091,0.07795904322045483
8,10,0.95,0.6895018696138097,0.07717352119391344
8,10,0.95,0.6952800920514102,0.07638856580429562
8,10,0.95,0.7010583144890106,0.075604026429259
8,10,0.95,0.706836536926611,0.07481975429241253
8,10,0.95,0.7126147593642116,0.07377422016491365
8,10,0.95,0.718392981801812,0.07299000353116707
8,10,0.95,0.7241712042394124,0.07220557182506307
8,10,0.95,0.7299494266770129,0.07115908577290952
8,10,0.95,0.7357276491146134,0.07037360929932766
8,10,0.95,0.7415058715522138,0.0693252332952673
8,10,0.95,0.7472840939898143,0.06853797295898788
8,10,0.95,0.7530623164274148,0.06748673945206686
8,10,0.95,0.7588405388650152,0.06643345301356457
8,10,0.95,0.7646187613026156,0.06537781730930349
8,10,0.95,0.7703969837402161,0.06431954373379951
8,10,0.95,0.7761752061778167,0.06325835178403227
8,10,0.95,0.7819534286154172,0.06192734438019734
8,10,0.95,0.7877316510530176,0.06085860537630583
8,10,0.95,0.7935098734906181,0.05951735342754286
8,10,0.95,0.7992880959282185,0.058169745894554925
8,10,0.95,0.805066318365819,0.056815341940575616
8,10,0.95,0.8108445408034195,0.055180508399742666
8,10,0.95,0.8166227632410199,0.05353464588233307
8,10,0.95,0.8224009856786204,0.051877176004829204
8,10,0.95,0.8281792081162208,0.04964831244122857
8,10,0.95,0.8339574305538213,0.04711398693373968
8,10,0.95,0.8397356529914218,0.043976779342372825
8,10,0.95,0.8455138754290222,0.03609426248843884
9,10,0.7,0.2675612934714373,0.09351799139027024
9,10,0.7,0.2721207405486669,0.09287439362377878
9,10,0.7,0.27668018762589647,0.09223581052824437
9,10,0.7,0.2812396347031261,0.09181278059997024
9,10,0.7,0.2857990817803557,0.0911821368652835
9,10,0.7,0.29035852885758523,0.09076423040141464
9,10,0.7,0.29491797593481484,0.09014102397701869
9,10,0.7,0.29947742301204444,0.08972791400048036
9,10,0.7,0.30403687008927405,0.0891116655885118
9,10,0.7,0.3085963171665036,0.08870303977834909
9,10,0.7,0.3131557642437332,0.08809329132736253
9,10,0.7,0.3177152113209628,0.08768885105230766
9,10,0.7,0.32227465839819236,0.08708516436194551
9,10,0.7,0.32683410547542197,0.08668462378512357
9,10,0.7,0.33139355255265157,0.08608657921345488
9,10,0.7,0.3359529996298811,0.08568966446295424
9,10,0.7,0.3405124467071107,0.0850968597289196
9,10,0.7,0.34507189378434033,0.08470330812940682
9,10,0.7,0.3496313408615699,0.08411535720345711
9,10,0.7,0.3541907879387995,0.08372491656443115
9,10,0.7,0.3587502350160291,0.08314144864104199
9,10,0.7,0.36330968209325865,0.08275387659770246
9,10,0.7,0.36786912917048825,0.08217453514399403
9,10,0.7,0.37242857624771786,0.08178959854704587
9,10,0.7,0.3769880233249474,0.08121404042223464
9,10,0.7,0.381547470402177,0.08083151477327118
9,10,0.7,0.3861069174794066,0.08025940941414185
9,10,0.7,0.39066636455663617,0.07987907834354156
9,10,0.7,0.3952258116338658,0.07931010701154823
9,10,0.7,0.3997852587110954,0.07893176179609071
9,10,0.7,0.40434470578832493,0.07836561688208595
9,10,0.7,0.4089041528655546,0.07798905599974192
9,10,0.7,0.41346359994278414,0.07742544038269165
9,10,0.7,0.4180230470200137,0.07705046910227137
9,10,0.7,0.42258249409724336,0.07648909555864533
9,10,0.7,0.4271419411744729,0.07611552556220409
9,10,0.7,0.4317013882517025,0.07555611622303982
9,10,0.7,0.4362608353289321,0.07518376525913556
9,10,0.7,0.44082028240616167,0.07462605111206028
9,10,0.7,0.4453797294833913,0.07425474267814401
9,10,0.7,0.4499391765606209,0.07369846311190414
9,10,0.7,0.45449862363785043,0.07332802616429399
9,10,0.7,0.45905807071508004,0.07277292855359319
9,10,0.7,0.46361751779230964,0.07240319724364468
9,10,0.7,0.4681769648695392,0.07184903657232271
9,10,0.7,0.4727364119467688,0.07129532349383098
9,10,0.7,0.4772958590239984,0.07092638852836498
9,10,0.7,0.48185530610122795,0.07037323535435916
9,10,0.7,0.48641475317845756,0.0700045974868928
9,10,0.7,0.49097420025568717,0.06945177747969443
9,10,0.7,0.4955336473329167,0.0688990512707665
9,10,0.7,0.5000930944101463,0.06853058072144769
9,10,0.7,0.5046525414873759,0.06797783842008479
9,10,0.7,0.5092119885646055,0.06742498519429403
9,10,0.7,0.513771435641835,0.06705631798525143
9,10,0.7,0.5183308827190647,0.0665031153112492
9,10,0.7,0.5228903297962942,0.06594960631768196
9,10,0.7,0.5274497768735238,0.06539572006343616
9,10,0.7,0.5320092239507535,0.0648413868567948
9,10,0.7,0.5365686710279831,0.06447154922388595
9,10,0.7,0.5411281181052126,0.06391631958461597
9,10,0.7,0.5456875651824422,0.06336046317764084
9,10,0.7,0.5502470122596719,0.06280391481278008
9,10,0.7,0.5548064593369013,0.0622466105158454
9,10,0.7,0.559365906414131,0.06168848752792718
9,10,0.7,0.5639253534913606,0.06112948430697661
9,10,0.7,0.5684848005685901,0.06056954053170016
9,10,0.7,0.5730442476458197,0.060008597107789004
9,10,0.7,0.5776036947230494,0.05944659617650977
9,10,0.7,0.5821631418002788,0.05888348112568772
9,10,0.7,0.5867225888775085,0.05831919660311843
9,10,0.7,0.5912820359547382,0.05756490478214144
9,10,0.7,0.5958414830319677,0.05699768343516527
9,10,0.7,0.6004009301091973,0.05642911743170404
9,10,0.7,0.6049603771864269,0.05566885207658703
9,10,0.7,0.6095198242636565,0.05509695773600851
9,10,0.7,0.614079271340886,0.0543320832603548
9,10,0.7,0.6186387184181157,0.05375660790770766
9,10,0.7,0.6231981654953452,0.05298679972394149
9,10,0.7,0.6277576125725748,0.052407509415504754
9,10,0.7,0.6323170596498044,0.051632468683514815
9,10,0.7,0.636876506727034,0.05085431425520314
9,10,0.7,0.6414359538042635,0.05007296291980875
9,10,0.7,0.6459954008814932,0.049288337132498625
9,10,0.7,0.6505548479587228,0.04850036527564919
9,10,0.7,0.6551142950359523,0.04751059601650411
9,10,0.7,0.659673742113182,0.04671486631755695
9,10,0.7,0.6642331891904115,0.04571522886926334
9,10,0.7,0.6687926362676411,0.044911487427462905
9,10,0.7,0.6733520833448707,0.04390171665799803
9,10,0.7,0.6779115304221003,0.04268246146244093
9,10,0.7,0.6824709774993298,0.041660113094149506
9,10,0.7,0.6870304245765595,0.040425735893658894
9,10,0.7,0.691589871653789,0.03918316362370557
9,10,0.7,0.6961493187310186,0.037723286666058425
9,10,0.7,0.7007087658082483,0.03625268521515312
9,10,0.7,0.7052682128854778,0.03455939311995701
9,10,0.7,0.7098276599627074,0.03263938281369964
9,10,0.7,0.714387107039937,0.03027335841011015
9,10,0.7,0.7189465541171666,0.027237354507625523
9,10,0.7,0.7235060011943961,0.019825182301479758
10,20,1.,0.267836979587584,0.15788713864258602
10,20,1.,0.27429310809494756,0.15562647452957418
10,20,1.,0.2807492366023111,0.15396250707697526
10,20,1.,0.28720536510967465,0.15232487346428622
10,20,1.,0.2936614936170382,0.15071296439971918
10,20,1.,0.30011762212440174,0.14912618303899625
10,20,1.,0.3065737506317653,0.1475639446512278
10,20,1.,0.31302987913912883,0.14602567629423005
10,20,1.,0.3194860076464924,0.14451081649897884
10,20,1.,0.3259421361538559,0.14301881496290964
10,20,1.,0.33239826466121947,0.1415491322517802
10,20,1.,0.338854393168583,0.1405814815347723
10,20,1.,0.34531052167594656,0.1391478267263183
10,20,1.,0.3517666501833101,0.13773510320662716
10,20,1.,0.3582227786906737,0.13634280897251094
10,20,1.,0.36467890719803725,0.13497045160336082
10,20,1.,0.3711350357054008,0.13406638378614985
10,20,1.,0.37759116421276434,0.1327261854807449
10,20,1.,0.3840472927201279,0.13140465585385913
10,20,1.,0.39050342122749143,0.1301013354963857
10,20,1.,0.396959549734855,0.12924234848345315
10,20,1.,0.4034156782422185,0.1279683788567325
10,20,1.,0.40987180674958207,0.1267114341296645
10,20,1.,0.4163279352569456,0.12588271684347144
10,20,1.,0.42278406376430916,0.12465319631421463
10,20,1.,0.4292401922716727,0.12384237278444722
10,20,1.,0.43569632077903625,0.12263911849479922
10,20,1.,0.44215244928639985,0.12145108217933635
10,20,1.,0.4486085777937634,0.12066731570958705
10,20,1.,0.45506470630112694,0.11950376223056679
10,20,1.,0.4615208348084905,0.11835438120136901
10,20,1.,0.46797696331585403,0.11759581288318878
10,20,1.,0.4744330918232176,0.11646921146413465
10,20,1.,0.4808892203305811,0.11572548492880701
10,20,1.,0.48734534883794467,0.1146206368512818
10,20,1.,0.4938014773453082,0.11389107732601957
10,20,1.,0.5002576058526718,0.11280698420955039
10,20,1.,0.5067137343600353,0.11209093510460555
10,20,1.,0.5131698628673989,0.11102662524446447
10,20,1.,0.5196259913747624,0.10997372958179805
10,20,1.,0.5260821198821259,0.10927797457228959
10,20,1.,0.5325382483894895,0.10824336005303287
10,20,1.,0.538994376896853,0.10755948785984604
10,20,1.,0.5454505054042166,0.10654224684633985
10,20,1.,0.5519066339115801,0.10586966004908303
10,20,1.,0.5583627624189437,0.10486890765074841
10,20,1.,0.5648188909263072,0.10420702366362418
10,20,1.,0.5712750194336708,0.10322189675918708
10,20,1.,0.5777311479410343,0.10224573955891399
10,20,1.,0.5841872764483979,0.1015998035011274
10,20,1.,0.5906434049557614,0.10063793377374457
10,20,1.,0.5970995334631249,0.10000125075134549
10,20,1.,0.6035556619704885,0.09905285773101297
10,20,1.,0.610011790477852,0.09842489351309365
10,20,1.,0.6164679189852156,0.0974891850613989
10,20,1.,0.6229240474925792,0.09656071458324415
10,20,1.,0.6293801759999427,0.09594561940851769
10,20,1.,0.6358363045073063,0.09502860291240203
10,20,1.,0.6422924330146698,0.09411809910225606
10,20,1.,0.6487485615220334,0.09351458347356435
10,20,1.,0.6552046900293969,0.09261434584996023
10,20,1.,0.6616608185367605,0.09171992048013326
10,20,1.,0.6681169470441239,0.09112673909730315
10,20,1.,0.6745730755514876,0.0902414322539413
10,20,1.,0.681029204058851,0.08936126057763262
10,20,1.,0.6874853325662147,0.08877720965329289
10,20,1.,0.6939414610735781,0.08790504660223503
10,20,1.,0.7003975895809418,0.08703736363568879
10,20,1.,0.7068537180883052,0.08617392052652714
10,20,1.,0.7133098465956689,0.08531447992064024
10,20,1.,0.7197659751030323,0.0844588072853467
10,20,1.,0.726222103610396,0.08389033761706888
10,20,1.,0.7326782321177594,0.08304043126196708
10,20,1.,0.739134360625123,0.08219368089831443
10,20,1.,0.7455904891324865,0.08134986195780634
10,20,1.,0.7520466176398501,0.08050875250302178
10,20,1.,0.7585027461472137,0.07939110925784221
10,20,1.,0.7649588746545772,0.07855547341305276
10,20,1.,0.7714150031619408,0.07772182591805224
10,20,1.,0.7778711316693043,0.07688995595216847
10,20,1.,0.7843272601766679,0.07605965522031295
10,20,1.,0.7907833886840314,0.07495467331263768
10,20,1.,0.797239517191395,0.07412723825307291
10,20,1.,0.8036956456987585,0.07302534665106446
10,20,1.,0.810151774206122,0.07219968905541477
10,20,1.,0.8166079027134856,0.07109945840230306
10,20,1.,0.8230640312208491,0.06999955193994828
10,20,1.,0.8295201597282127,0.06889952561239546
10,20,1.,0.8359762882355762,0.06779894393346031
10,20,1.,0.8424324167429398,0.06669738022429554
10,20,1.,0.8488885452503033,0.06559441689774943
10,20,1.,0.8553446737576669,0.06421312364853363
10,20,1.,0.8618008022650304,0.06310553383921262
10,20,1.,0.868256930772394,0.061717220236076044
10,20,1.,0.8747130592797575,0.06004467373660185
10,20,1.,0.881169187787121,0.0586445918247449
10,20,1.,0.8876253162944846,0.05667353242724658
10,20,1.,0.8940814448018481,0.0546881683966695
10,20,1.,0.9005375733092117,0.05239966938123692
10,20,1.,0.9069937018165752,0.0492154175669405
10,20,1.,0.9134498303239388,0.04179802842176077
11,20,0.95,0.2677553176530293,0.1445276995858586
11,20,0.95,0.27385844071115595,0.14264047362768556
11,20,0.95,0.27996156376928266,0.14124851171080957
11,20,0.95,0.2860646868274093,0.13987615224037445
11,20,0.95,0.29216780988553603,0.13852295071793996
11,20,0.95,0.2982709329436627,0.1371884708397539
11,20,0.95,0.3043740560017894,0.1358722842882795
11,20,0.95,0.31047717905991606,0.13457397052922343
11,20,0.95,0.3165803021180428,0.13329311661390025
11,20,0.95,0.32268342517616944,0.132448713343976
11,20,0.95,0.3287865482342961,0.13119606149963325
11,20,0.95,0.3348896712924228,0.12995980393997653
11,20,0.95,0.34099279435054947,0.1287395539214313
11,20,0.95,0.3470959174086762,0.12753493142983968
11,20,0.95,0.35319904046680284,0.12634556301027003
11,20,0.95,0.3593021635249295,0.125560943691874
11,20,0.95,0.3654052865830562,0.12439618611746167
11,20,0.95,0.3715084096411829,0.12324571755522308
11,20,0.95,0.3776115326993096,0.12248650338263994
11,20,0.95,0.38371465575743624,0.12135907318643238
11,20,0.95,0.38981777881556295,0.12024500942375951
11,20,0.95,0.3959209018736896,0.11914397650272386
11,20,0.95,0.4020240249318163,0.11841703065326102
11,20,0.95,0.408127147989943,0.11733698474972759
11,20,0.95,0.41423027104806964,0.11626910099164726
11,20,0.95,0.42033339410619636,0.11556377882480383
11,20,0.95,0.42643651716432307,0.1145154648433125
11,20,0.95,0.43253964022244973,0.11382290189575027
11,20,0.95,0.4386427632805764,0.11279330173129543
11,20,0.95,0.44474588633870304,0.11177452810123178
11,20,0.95,0.45084900939682976,0.1111012141983859
11,20,0.95,0.4569521324549565,0.11009982980608636
11,20,0.95,0.46305525551308313,0.10910849313359766
11,20,0.95,0.4691583785712098,0.10845304359381844
11,20,0.95,0.4752615016293365,0.10747782373499275
11,20,0.95,0.4813646246874632,0.10683286031337583
11,20,0.95,0.4874677477455899,0.10587298696632329
11,20,0.95,0.49357087080371653,0.10523800228173699
11,20,0.95,0.4996739938618432,0.10429272340091252
11,20,0.95,0.5057771169199698,0.1033558475316303
11,20,0.95,0.5118802399780966,0.10273580303930399
11,20,0.95,0.5179833630362233,0.10181235448321271
11,20,0.95,0.5240864860943499,0.10120102410898439
11,20,0.95,0.5301896091524767,0.10029029487326045
11,20,0.95,0.5362927322106033,0.09968721192027692
11,20,0.95,0.54239585526873,0.09878850973554745
11,20,0.95,0.5484989783268567,0.0978966977971793
11,20,0.95,0.5546021013849833,0.09730586547008786
11,20,0.95,0.5607052244431101,0.09642500410230312
11,20,0.95,0.5668083475012367,0.09584125284008324
11,20,0.95,0.5729114705593634,0.09497068779768882
11,20,0.95,0.5790145936174901,0.09410599219782712
11,20,0.95,0.5851177166756167,0.09353267667321005
11,20,0.95,0.5912208397337435,0.09267725870785845
11,20,0.95,0.5973239627918702,0.09182710896893433
11,20,0.95,0.6034270858499968,0.09126316028517967
11,20,0.95,0.6095302089081235,0.09042130228672282
11,20,0.95,0.6156333319662501,0.08958413040246643
11,20,0.95,0.6217364550243769,0.0890285136324946
11,20,0.95,0.6278395780825036,0.08819867853368141
11,20,0.95,0.6339427011406302,0.08737296548861136
11,20,0.95,0.640045824198757,0.08682467780474651
11,20,0.95,0.6461489472568835,0.08600537588113515
11,20,0.95,0.6522520703150103,0.0851896490779363
11,20,0.95,0.658355193373137,0.08437729654461898
11,20,0.95,0.6644583164312636,0.08356811968942712
11,20,0.95,0.6705614394893904,0.0830303356562819
11,20,0.95,0.676664562547517,0.08222601631112512
11,20,0.95,0.6827676856056437,0.08142435385891596
11,20,0.95,0.6888708086637704,0.08062515772049614
11,20,0.95,0.694973931721897,0.07982823944148047
11,20,0.95,0.7010770547800238,0.07903341267219136
11,20,0.95,0.7071801778381505,0.07824049315085202
11,20,0.95,0.7132833008962771,0.07744929869014998
11,20,0.95,0.7193864239544038,0.07665964916728725
11,20,0.95,0.7254895470125304,0.07587136651764687
11,20,0.95,0.7315926700706572,0.07508427473221332
11,20,0.95,0.7376957931287839,0.07429819985889621
11,20,0.95,0.7437989161869105,0.07325138509583871
11,20,0.95,0.7499020392450373,0.07246701814027724
11,20,0.95,0.7560051623031638,0.07168310321338278
11,20,0.95,0.7621082853612906,0.0706383017257421
11,20,0.95,0.7682114084194173,0.06985480387225236
11,20,0.95,0.7743145314775439,0.06880997377372232
11,20,0.95,0.7804176545356706,0.06776461225855775
11,20,0.95,0.7865207775937973,0.0669800221442648
11,20,0.95,0.792623900651924,0.06593285526441554
11,20,0.95,0.7987270237100507,0.06488416943715385
11,20,0.95,0.8048301467681773,0.06383362005410416
11,20,0.95,0.810933269826304,0.06278087073067612
11,20,0.95,0.8170363928844308,0.06146134190157459
11,20,0.95,0.8231395159425574,0.06040245803489622
11,20,0.95,0.8292426390006841,0.05907427387294872
11,20,0.95,0.8353457620588107,0.05774046447235299
11,20,0.95,0.8414488851169375,0.056131695494860634
11,20,0.95,0.8475520081750642,0.054513140664692025
11,20,0.95,0.8536551312331908,0.052883970985945924
11,20,0.95,0.8597582542913175,0.05069393789470452
11,20,0.95,0.8658613773494441,0.04848213718073336
11,20,0.95,0.8719645004075709,0.04540310534665937
11,20,0.95,0.8780676234656976,0.03794298534585814
12,20,0.7,0.26757995407979474,0.09446775752715889
12,20,0.7,0.2723118785221376,0.0937844347180391
12,20,0.7,0.27704380296448045,0.09310757396510087
12,20,0.7,0.28177572740682333,0.09265980917727495
12,20,0.7,0.28650765184916616,0.0919932087414012
12,20,0.7,0.29123957629150904,0.09133246957505292
12,20,0.7,0.2959715007338519,0.09089512743445959
12,20,0.7,0.30070342517619475,0.09024368590015326
12,20,0.7,0.30543534961853763,0.08981235145828295
12,20,0.7,0.3101672740608805,0.0891696425478862
12,20,0.7,0.31489919850322334,0.08853191287384897
12,20,0.7,0.3196311229455662,0.08810943258887034
12,20,0.7,0.32436304738790905,0.08747958476355477
12,20,0.7,0.32909497183025194,0.08706219001596423
12,20,0.7,0.33382689627259476,0.08643972294085146
12,20,0.7,0.33855882071493765,0.08602708703147677
12,20,0.7,0.34329074515728053,0.08541152131434508
12,20,0.7,0.34802266959962336,0.08500333153186114
12,20,0.7,0.35275459404196624,0.08439420806636047
12,20,0.7,0.3574865184843091,0.08399016477551023
12,20,0.7,0.36221844292665195,0.08338704342419555
12,20,0.7,0.36695036736899483,0.08298685922046667
12,20,0.7,0.3716822918113377,0.08238931759391209
12,20,0.7,0.37641421625368054,0.0819927165199611
12,20,0.7,0.38114614069602337,0.08140034884519322
12,20,0.7,0.38587806513836626,0.08100706566470252
12,20,0.7,0.39060998958070914,0.08041948173675871
12,20,0.7,0.39534191402305197,0.0800292612617757
12,20,0.7,0.40007383846539485,0.07944608547271696
12,20,0.7,0.40480576290773773,0.07905868194085926
12,20,0.7,0.40953768735008056,0.0784795523810511
12,20,0.7,0.41426961179242344,0.07809472887927177
12,20,0.7,0.4190015362347663,0.07751929650619134
12,20,0.7,0.42373346067710915,0.07713682443808395
12,20,0.7,0.428465385119452,0.07656475230832765
12,20,0.7,0.4331973095617949,0.0759945393579238
12,20,0.7,0.43792923400413775,0.07561537346276488
12,20,0.7,0.4426611584464806,0.07504800506434382
12,20,0.7,0.44739308288882346,0.07467063175322548
12,20,0.7,0.45212500733116634,0.0741057992419313
12,20,0.7,0.45685693177350917,0.07373001605356741
12,20,0.7,0.46158885621585205,0.07316742056473982
12,20,0.7,0.46632078065819493,0.07279303139290674
12,20,0.7,0.47105270510053776,0.07223238333929069
12,20,0.7,0.47578462954288064,0.0716727684242619
12,20,0.7,0.4805165539852235,0.07130021669393916
12,20,0.7,0.48524847842756635,0.07074210399604841
12,20,0.7,0.4899804028699092,0.07037046384084378
12,20,0.7,0.49471232731225206,0.06981358576660197
12,20,0.7,0.49944425175459495,0.06925732326222425
12,20,0.7,0.5041761761969378,0.06888677811872818
12,20,0.7,0.5089081006392806,0.0683313380809781
12,20,0.7,0.5136400250816235,0.06777627198261048
12,20,0.7,0.5183719495239664,0.0674063922442685
12,20,0.7,0.5231038739663092,0.06685175501275624
12,20,0.7,0.5278357984086521,0.06629726088416953
12,20,0.7,0.532567722850995,0.06574282595625508
12,20,0.7,0.5372996472933378,0.0653731947662568
12,20,0.7,0.5420315717356807,0.06481867587746834
12,20,0.7,0.5467634961780236,0.06426399928558749
12,20,0.7,0.5514954206203664,0.06370908615646922
12,20,0.7,0.5562273450627093,0.06315385899595011
12,20,0.7,0.5609592695050521,0.06259824163660593
12,20,0.7,0.565691193947395,0.0620421592270692
12,20,0.7,0.5704231183897379,0.061485538223905484
12,20,0.7,0.5751550428320807,0.06092830638605482
12,20,0.7,0.5798869672744236,0.06037039277184927
12,20,0.7,0.5846188917167665,0.059811727738622124
12,20,0.7,0.5893508161591092,0.05925224294493104
12,20,0.7,0.5940827406014522,0.05869187135542123
12,20,0.7,0.5988146650437951,0.05813054724836138
12,20,0.7,0.6035465894861378,0.05756820622588977
12,20,0.7,0.6082785139284808,0.05700478522701397
12,20,0.7,0.6130104383708236,0.0562517708059797
12,20,0.7,0.6177423628131664,0.055685592258614657
12,20,0.7,0.6224742872555094,0.055118133411129484
12,20,0.7,0.6272062116978522,0.05435943164379954
12,20,0.7,0.631938136140195,0.05378876609490096
12,20,0.7,0.6366700605825379,0.053025591157030774
12,20,0.7,0.6414019850248808,0.052259689604027486
12,20,0.7,0.6461339094672236,0.05168340305344288
12,20,0.7,0.6508658339095665,0.05091244964706819
12,20,0.7,0.6555977583519094,0.050138458396456295
12,20,0.7,0.6603296827942522,0.049361326366743084
12,20,0.7,0.6650616072365951,0.04858095646198827
12,20,0.7,0.669793531678938,0.047797257697197774
12,20,0.7,0.6745254561212808,0.046812824819605484
12,20,0.7,0.6792573805636237,0.04602133717083396
12,20,0.7,0.6839893050059666,0.04502693785216651
12,20,0.7,0.6887212294483094,0.044026829621595855
12,20,0.7,0.6934531538906523,0.0430209143144746
12,20,0.7,0.698185078332995,0.04200911493513317
12,20,0.7,0.702917002775338,0.04078711398631898
12,20,0.7,0.7076489272176809,0.03955651609614817
12,20,0.7,0.7123808516600236,0.03831732959005185
12,20,0.7,0.7171127761023666,0.03686085242906277
12,20,0.7,0.7218447005447094,0.035182404674700754
12,20,0.7,0.7265766249870522,0.03348966706954068
12,20,0.7,0.7313085494293952,0.031140376921938096
12,20,0.7,0.736040473871738,0.028335452761924576
12,20,0.7,0.7407723983140808,0.0213526459931371
13,1000000,1.,0.26793523599549435,0.16516921068190338
13,1000000,1.,0.2747965884901348,0.1625630962266223
13,1000000,1.,0.28165794098477526,0.1606488216004907
13,1000000,1.,0.2885192934794157,0.15876818705358436
13,1000000,1.,0.2953806459740561,0.1569203914665799
13,1000000,1.,0.3022419984686966,0.1551046516541726
13,1000000,1.,0.309103350963337,0.15332020185892864
13,1000000,1.,0.31596470345797745,0.15156629326033266
13,1000000,1.,0.32282605595261793,0.14984219349851638
13,1000000,1.,0.32968740844725836,0.14814718621216916
13,1000000,1.,0.3365487609418988,0.14648057059015307
13,1000000,1.,0.34341011343653927,0.14484166093636164
13,1000000,1.,0.3502714659311797,0.14376411475317516
13,1000000,1.,0.3571328184258201,0.14216989766410051
13,1000000,1.,0.3639941709204606,0.14060162874318746
13,1000000,1.,0.37085552341510103,0.1390586741955888
13,1000000,1.,0.37771687590974146,0.1375404134733849
13,1000000,1.,0.38457822840438194,0.13654165784788488
13,1000000,1.,0.39143958089902237,0.13506320932374516
13,1000000,1.,0.3983009333936628,0.133607861828299
13,1000000,1.,0.4051622858883033,0.1326501796151887
13,1000000,1.,0.4120236383829437,0.13123206170782575
13,1000000,1.,0.41888499087758413,0.12983553703506429
13,1000000,1.,0.4257463433722246,0.12891624735707408
13,1000000,1.,0.43260769586686504,0.12755450613702604
13,1000000,1.,0.43946904836150547,0.1262129292322686
13,1000000,1.,0.44633040085614595,0.12532949146005937
13,1000000,1.,0.4531917533507864,0.1240203785175721
13,1000000,1.,0.4600531058454268,0.12315811625308522
13,1000000,1.,0.4669144583400673,0.12188007782769836
13,1000000,1.,0.4737758108347077,0.1210380795587107
13,1000000,1.,0.48063716332934814,0.11978977001462802
13,1000000,1.,0.4874985158239886,0.11855866936954287
13,1000000,1.,0.49435986831862905,0.11774726827904523
13,1000000,1.,0.5012212208132695,0.116543829679014
13,1000000,1.,0.50808257330791,0.11575045296952256
13,1000000,1.,0.5149439258025503,0.1145734355782617
13,1000000,1.,0.5218052782971908,0.11379726852838462
13,1000000,1.,0.5286666307918313,0.11264546855831074
13,1000000,1.,0.5355279832864717,0.11188572057738852
13,1000000,1.,0.5423893357811121,0.11075796960546826
13,1000000,1.,0.5492506882757526,0.11001387313684886
13,1000000,1.,0.556112040770393,0.1089090364976515
13,1000000,1.,0.5629733932650335,0.10817984597230162
13,1000000,1.,0.569834745759674,0.10709682122493004
13,1000000,1.,0.5766960982543143,0.10638181206325571
13,1000000,1.,0.5835574507489548,0.1053195275290951
13,1000000,1.,0.5904188032435953,0.10461799518901696
13,1000000,1.,0.5972801557382357,0.10357540855749926
13,1000000,1.,0.6041415082328762,0.10288666762699988
13,1000000,1.,0.6110028607275166,0.10186276462683375
13,1000000,1.,0.617864213222157,0.10118614795935894
13,1000000,1.,0.6247255657167975,0.10017994109292365
13,1000000,1.,0.631586918211438,0.09918388859296424
13,1000000,1.,0.6384482707060783,0.09852532632303382
13,1000000,1.,0.6453096232007188,0.09754544266566965
13,1000000,1.,0.6521709756953593,0.09689734976758604
13,1000000,1.,0.6590323281899997,0.0959327115771037
13,1000000,1.,0.6658936806846402,0.0952944801285984
13,1000000,1.,0.6727550331792806,0.09434418674046499
13,1000000,1.,0.679616385673921,0.0934020769874206
13,1000000,1.,0.6864777381685615,0.09277839608571033
13,1000000,1.,0.693339090663202,0.09184923484125378
13,1000000,1.,0.7002004431578424,0.09092743529230135
13,1000000,1.,0.7070617956524828,0.09031684358583601
13,1000000,1.,0.7139231481471233,0.0894066480607477
13,1000000,1.,0.7207845006417637,0.08850302231586635
13,1000000,1.,0.7276458531364042,0.08790411184184434
13,1000000,1.,0.7345072056310447,0.08701079400350378
13,1000000,1.,0.741368558125685,0.08612328209514149
13,1000000,1.,0.7482299106203255,0.08524129654509867
13,1000000,1.,0.755091263114966,0.08436456139623223
13,1000000,1.,0.7619526156096064,0.0834928042259065
13,1000000,1.,0.7688139681042467,0.08291426536088546
13,1000000,1.,0.7756753205988873,0.08205020879995166
13,1000000,1.,0.7825366730935277,0.0811904204759805
13,1000000,1.,0.7893980255881681,0.0803346403132265
13,1000000,1.,0.7962593780828087,0.07948261145621141
13,1000000,1.,0.803120730577449,0.07835197031915218
13,1000000,1.,0.8099820830720894,0.0775077133202882
13,1000000,1.,0.81684343556673,0.0766663740423348
13,1000000,1.,0.8237047880613704,0.07582770902354444
13,1000000,1.,0.8305661405560107,0.07471323375551146
13,1000000,1.,0.8374274930506513,0.0738798786303535
13,1000000,1.,0.8442888455452917,0.07304840768923643
13,1000000,1.,0.8511501980399321,0.0719423124758227
13,1000000,1.,0.8580115505345727,0.07083861854220781
13,1000000,1.,0.864872903029213,0.06973679647467303
13,1000000,1.,0.8717342555238534,0.06891134510208395
13,1000000,1.,0.878595608018494,0.06753669686648094
13,1000000,1.,0.8854569605131344,0.06643740740780119
13,1000000,1.,0.8923183130077748,0.06533796630629628
13,1000000,1.,0.8991796655024153,0.063962719093667
13,1000000,1.,0.9060410179970557,0.06258556549175971
13,1000000,1.,0.9129023704916961,0.06120561384180993
13,1000000,1.,0.9197637229863367,0.05954476379829779
13,1000000,1.,0.9266250754809771,0.057877204453731075
13,1000000,1.,0.9334864279756174,0.05592141259399482
13,1000000,1.,0.940347780470258,0.05367012873172933
13,1000000,1.,0.9472091329648984,0.05054164735651319
13,1000000,1.,0.9540704854595388,0.043556454926438816
14,1000000,0.95,0.2678357170239865,0.1498686902890427
14,1000000,0.95,0.27429213137905883,0.14772492842130744
14,1000000,0.95,0.28074854573413116,0.1461469470217915
14,1000000,0.95,0.2872049600892035,0.14459388931857795
14,1000000,0.95,0.29366137444427587,0.14306518022927708
14,1000000,0.95,0.3001177887993482,0.14156025634819153
14,1000000,0.95,0.3065742031544205,0.14007856563497792
14,1000000,0.95,0.31303061750949285,0.13861956711201218
14,1000000,0.95,0.3194870318645652,0.13718273057018207
14,1000000,0.95,0.3259434462196375,0.13576753628284235
14,1000000,0.95,0.3323998605747098,0.13437347472767583
14,1000000,0.95,0.3388562749297822,0.13345559365315984
14,1000000,0.95,0.3453126892848545,0.1320956479079916
14,1000000,0.95,0.35176910363992686,0.1307555240230879
14,1000000,0.95,0.3582255179949992,0.12943474763362742
14,1000000,0.95,0.3646819323500715,0.1281328533786727
14,1000000,0.95,0.37113834670514384,0.12727518811746358
14,1000000,0.95,0.37759476106021617,0.12600375365567065
14,1000000,0.95,0.3840511754152885,0.1247500025972086
14,1000000,0.95,0.3905075897703608,0.1235135006097113
14,1000000,0.95,0.3969640041254332,0.12269853788768346
14,1000000,0.95,0.40342041848050547,0.12148984066102222
14,1000000,0.95,0.40987683283557785,0.12029727257662058
14,1000000,0.95,0.4163332471906502,0.11951098693134186
14,1000000,0.95,0.4227896615457225,0.11834440165573408
14,1000000,0.95,0.42924607590079483,0.11719287825054174
14,1000000,0.95,0.43570249025586716,0.11643337210082816
14,1000000,0.95,0.44215890461093954,0.11530609425312936
14,1000000,0.95,0.4486153189660118,0.11456240067409966
14,1000000,0.95,0.4550717333210842,0.113458323015248
14,1000000,0.95,0.4615281476761565,0.11236767600662322
14,1000000,0.95,0.46798456203122885,0.1116478616669407
14,1000000,0.95,0.47444097638630117,0.11057880302295912
14,1000000,0.95,0.4808973907413735,0.10987305474657587
14,1000000,0.95,0.4873538050964458,0.10882461308702336
14,1000000,0.95,0.49381021945151815,0.10813229214455287
14,1000000,0.95,0.5002666338065905,0.10710352235126312
14,1000000,0.95,0.5067230481616628,0.1060861125186479
14,1000000,0.95,0.5131794625167352,0.10541398921707493
14,1000000,0.95,0.5196358768718075,0.10441479086675641
14,1000000,0.95,0.5260922912268798,0.1037545125067976
14,1000000,0.95,0.5325487055819522,0.10277264360453646
14,1000000,0.95,0.5390051199370245,0.10212362971762118
14,1000000,0.95,0.5454615342920968,0.10115823062897339
14,1000000,0.95,0.5519179486471693,0.10051991535457919
14,1000000,0.95,0.5583743630022415,0.09957014788157764
14,1000000,0.95,0.5648307773573138,0.09894197934007123
14,1000000,0.95,0.5712871917123862,0.0980070258027154
14,1000000,0.95,0.5777436060674586,0.0970805763469656
14,1000000,0.95,0.5842000204225308,0.09646752785896211
14,1000000,0.95,0.5906564347776031,0.09555462456033731
14,1000000,0.95,0.5971128491326755,0.09495034914164882
14,1000000,0.95,0.6035692634877479,0.09405022367793942
14,1000000,0.95,0.6100256778428201,0.09345421503505094
14,1000000,0.95,0.6164820921978925,0.09256611664903497
14,1000000,0.95,0.6229385065529649,0.09168488118031516
14,1000000,0.95,0.6293949209080372,0.09110107472674672
14,1000000,0.95,0.6358513352631094,0.09023069986313123
14,1000000,0.95,0.6423077496181818,0.0893665003556964
14,1000000,0.95,0.6487641639732542,0.08879367366930879
14,1000000,0.95,0.6552205783283265,0.08793920865729656
14,1000000,0.95,0.6616769926833989,0.08709025488747107
14,1000000,0.95,0.6681334070384712,0.08652722723896042
14,1000000,0.95,0.6745898213935435,0.08568691971975574
14,1000000,0.95,0.6810462357486158,0.08485148135552557
14,1000000,0.95,0.6875026501036882,0.08402067677969428
14,1000000,0.95,0.6939590644587605,0.08346926645434295
14,1000000,0.95,0.7004154788138328,0.0826456695580401
14,1000000,0.95,0.7068718931689051,0.08182609262265231
14,1000000,0.95,0.7133283075239776,0.08101031048820634
14,1000000,0.95,0.7197847218790498,0.08019810065817998
14,1000000,0.95,0.7262411362341221,0.07938924325448603
14,1000000,0.95,0.7326975505891945,0.0788517600303582
14,1000000,0.95,0.7391539649442669,0.07804800836788704
14,1000000,0.95,0.7456103792993392,0.07724703528774994
14,1000000,0.95,0.7520667936544114,0.07644863018617484
14,1000000,0.95,0.7585232080094839,0.07538772527506893
14,1000000,0.95,0.7649796223645562,0.07459450686688833
14,1000000,0.95,0.7714360367196285,0.07380317204546272
14,1000000,0.95,0.7778924510747007,0.07301352070814665
14,1000000,0.95,0.7843488654297732,0.07222535513870607
14,1000000,0.95,0.7908052797848455,0.07117644163623851
14,1000000,0.95,0.7972616941399178,0.07039098734642112
14,1000000,0.95,0.8037181084949903,0.06934499529375554
14,1000000,0.95,0.8101745228500625,0.06856121915713828
14,1000000,0.95,0.8166309372051348,0.06751679146206406
14,1000000,0.95,0.8230873515602071,0.06647266429296332
14,1000000,0.95,0.8295437659152796,0.06542841596031733
14,1000000,0.95,0.8360001802703518,0.06438363288253852
14,1000000,0.95,0.8424565946254241,0.06333790981246812
14,1000000,0.95,0.8489130089804966,0.06229085010827924
14,1000000,0.95,0.8553694233355689,0.06097955605145534
14,1000000,0.95,0.8618258376906411,0.05992808552542892
14,1000000,0.95,0.8682822520457134,0.058610102501250115
14,1000000,0.95,0.8747386664007859,0.057022266593175185
14,1000000,0.95,0.8811950807558582,0.05569307908435322
14,1000000,0.95,0.8876514951109304,0.053821799563252316
14,1000000,0.95,0.8941079094660029,0.05193690696813449
14,1000000,0.95,0.9005643238210752,0.04976417747614028
14,1000000,0.95,0.9070207381761475,0.04674092989621921
14,1000000,0.95,0.9134771525312197,0.03969820008088836
15,1000000,0.7,0.2676079410439155,0.09566580067726276
15,1000000,0.7,0.2725210820797653,0.09493231205103554
15,1000000,0.7,0.277434223115615,0.09420710068499341
15,1000000,0.7,0.2823473641514648,0.09348987818391627
15,1000000,0.7,0.2872605051873145,0.093016029829643
15,1000000,0.7,0.2921736462231643,0.0923115058087859
15,1000000,0.7,0.297086787259014,0.09161424511366018
15,1000000,0.7,0.3019999282948638,0.09115331267633432
15,1000000,0.7,0.3069130693307135,0.0904675906308592
15,1000000,0.7,0.3118262103665633,0.09001412154949069
15,1000000,0.7,0.31673935140241305,0.08933926003812157
15,1000000,0.7,0.32165249243826277,0.08867060317164913
15,1000000,0.7,0.32656563347411255,0.0882281673374136
15,1000000,0.7,0.33147877450996227,0.08756935367861443
15,1000000,0.7,0.33639191554581205,0.08713327845296369
15,1000000,0.7,0.34130505658166177,0.08648371098129863
15,1000000,0.7,0.34621819761751155,0.08583941613232479
15,1000000,0.7,0.3511313386533613,0.08541271675949315
15,1000000,0.7,0.35604447968921105,0.08477676908876132
15,1000000,0.7,0.3609576207250608,0.08435545587215433
15,1000000,0.7,0.36587076176091055,0.08372732579688531
15,1000000,0.7,0.3707839027967603,0.08331105343695293
15,1000000,0.7,0.37569704383261004,0.08269023421896418
15,1000000,0.7,0.3806101848684598,0.08227867212735687
15,1000000,0.7,0.3855233259043096,0.08166467834893074
15,1000000,0.7,0.3904364669401593,0.0812575096710482
15,1000000,0.7,0.39534960797600904,0.08064987582440417
15,1000000,0.7,0.4002627490118588,0.08024679653485689
15,1000000,0.7,0.4051758900477086,0.07964507571695545
15,1000000,0.7,0.4100890310835583,0.0792457937826662
15,1000000,0.7,0.4150021721194081,0.07864955648778248
15,1000000,0.7,0.4199153131552579,0.07805640996062865
15,1000000,0.7,0.4248284541911076,0.07766262409706862
15,1000000,0.7,0.4297415952269573,0.07707430731507764
15,1000000,0.7,0.4346547362628071,0.07668361025632153
15,1000000,0.7,0.4395678772986569,0.07609973393015527
15,1000000,0.7,0.4444810183345066,0.07571187081392913
15,1000000,0.7,0.44939415937035637,0.07513205941350831
15,1000000,0.7,0.45430730040620615,0.07474678426503877
15,1000000,0.7,0.45922044144205587,0.0741706751817492
15,1000000,0.7,0.4641335824779056,0.07359661852115046
15,1000000,0.7,0.46904672351375537,0.07321499315273948
15,1000000,0.7,0.47395986454960515,0.07264408360952582
15,1000000,0.7,0.47887300558545487,0.07226444454269239
15,1000000,0.7,0.48378614662130465,0.07169634964646936
15,1000000,0.7,0.4886992876571544,0.07131847876183588
15,1000000,0.7,0.49361242869300415,0.07075287646740759
15,1000000,0.7,0.49852556972885387,0.07018861927641094
15,1000000,0.7,0.5034387107647036,0.06981314052598665
15,1000000,0.7,0.5083518518005534,0.06925088095918629
15,1000000,0.7,0.5132649928364031,0.06868967662690581
15,1000000,0.7,0.5181781338722529,0.06831607462260694
15,1000000,0.7,0.5230912749081027,0.0677563961507976
15,1000000,0.7,0.5280044159439524,0.06719749642689678
15,1000000,0.7,0.5329175569798021,0.0668252795816591
15,1000000,0.7,0.537830698015652,0.06626745542838268
15,1000000,0.7,0.5427438390515017,0.06571014596210778
15,1000000,0.7,0.5476569800873514,0.0651532551971757
15,1000000,0.7,0.5525701211232013,0.06478218062353944
15,1000000,0.7,0.5574832621590509,0.06422577872047419
15,1000000,0.7,0.5623964031949007,0.06366954728626993
15,1000000,0.7,0.5673095442307504,0.0631133960460842
15,1000000,0.7,0.5722226852666001,0.06255723621872526
15,1000000,0.7,0.57713582630245,0.062000980494923565
15,1000000,0.7,0.5820489673382997,0.061444543018552664
15,1000000,0.7,0.5869621083741494,0.0608878393707873
15,1000000,0.7,0.5918752494099992,0.06033078655719516
15,1000000,0.7,0.596788390445849,0.05977330299776419
15,1000000,0.7,0.6017015314816987,0.05921530851987352
15,1000000,0.7,0.6066146725175485,0.058656724354223734
15,1000000,0.7,0.6115278135533981,0.058097473133747385
15,1000000,0.7,0.616440954589248,0.057537478895527475
15,1000000,0.7,0.6213540956250977,0.05697666708575967
15,1000000,0.7,0.6262672366609474,0.056227520024558095
15,1000000,0.7,0.6311803776967972,0.05566451859829787
15,1000000,0.7,0.636093518732647,0.05510046139162121
15,1000000,0.7,0.6410066597684967,0.05434662493135013
15,1000000,0.7,0.6459198008043465,0.05377984114860547
15,1000000,0.7,0.6508329418401962,0.05302213099249178
15,1000000,0.7,0.655746082876046,0.05245226789766968
15,1000000,0.7,0.6606592239118958,0.05169022693444045
15,1000000,0.7,0.6655723649477455,0.05092551649140812
15,1000000,0.7,0.6704855059835952,0.050350150417606536
15,1000000,0.7,0.6753986470194451,0.04958044697511417
15,1000000,0.7,0.6803117880552947,0.048807716448281066
15,1000000,0.7,0.6852249290911445,0.048031839762150454
15,1000000,0.7,0.6901380701269942,0.04705739837901355
15,1000000,0.7,0.695051211162844,0.04627404040710732
15,1000000,0.7,0.6999643521986938,0.04528992681849017
15,1000000,0.7,0.7048774932345435,0.04449859427545402
15,1000000,0.7,0.7097906342703932,0.04350424456248224
15,1000000,0.7,0.7147037753062431,0.042303241341957905
15,1000000,0.7,0.7196169163420928,0.041295784539790305
15,1000000,0.7,0.7245300573779425,0.04007875902161134
15,1000000,0.7,0.7294431984137923,0.03885282582851338
15,1000000,0.7,0.734356339449642,0.03741125476952168
15,1000000,0.7,0.7392694804854918,0.03595753849657618
15,1000000,0.7,0.7441826215213416,0.03407092092016873
15,1000000,0.7,0.7490957625571912,0.031952383487333195
15,1000000,0.7,0.7540089035930411,0.02938154378412389
15,1000000,0.7,0.7589220446288908,0.02263335416541357
