"curve_id","n_det","tau","point_id","fidelity","eta_opt"
1,2,1.,1,0.6446144489039853,0.005
1,2,1.,2,0.6398022883612688,0.015
1,2,1.,3,0.6270862027937646,0.025
1,2,1.,4,0.6082812192634479,0.034999999999999996
1,2,1.,5,0.5849937856359289,0.045
1,2,1.,6,0.5585470460276545,0.055
1,2,1.,7,0.5299836585537518,0.065
1,2,1.,8,0.5001062664122157,0.07500000000000001
1,2,1.,9,0.46952886264090904,0.085
1,2,1.,10,0.43872464091675195,0.095
1,2,1.,11,0.40806446400659196,0.10500000000000001
1,2,1.,12,0.37784496537888285,0.115
1,2,1.,13,0.3483076239327605,0.125
1,2,1.,14,0.3196509563994328,0.135
1,2,1.,15,0.29203798122271324,0.14500000000000002
1,2,1.,16,0.2656007600037794,0.155
1,2,1.,17,0.24044336212716055,0.165
1,2,1.,18,0.2166441521522675,0.17500000000000002
1,2,1.,19,0.19425792743088396,0.185
1,2,1.,20,0.17331815555450514,0.195
1,2,1.,21,0.15383937555220353,0.20500000000000002
1,2,1.,22,0.13581971917361693,0.215
1,2,1.,23,0.11924346009711853,0.225
1,2,1.,24,0.10408349028197275,0.23500000000000001
1,2,1.,25,0.0903036373306602,0.245
1,2,1.,26,0.07786076194164152,0.255
1,2,1.,27,0.06670660168027748,0.265
1,2,1.,28,0.05678935128994398,0.275
1,2,1.,29,0.04805498823596083,0.28500000000000003
1,2,1.,30,0.04044836459805093,0.295
1,2,1.,31,0.03391409337491942,0.305
1,2,1.,32,0.028397259836279654,0.315
1,2,1.,33,0.023843987993999942,0.325
1,2,1.,34,0.02020188971709416,0.335
1,2,1.,35,0.017420420433467827,0.34500000000000003
1,2,1.,36,0.015451161451900777,0.35500000000000004
1,2,1.,37,0.014248045176090242,0.365
1,2,1.,38,0.013767536146176934,0.375
1,2,1.,39,0.013968778055273091,0.385
1,2,1.,40,0.014813714662274833,0.395
1,2,1.,41,0.01626719080033589,0.405
1,2,1.,42,0.018297038367423375,0.41500000000000004
1,2,1.,43,0.020874151172645846,0.425
1,2,1.,44,0.023972551694678105,0.435
1,2,1.,45,0.0275694520963127,0.445
1,2,1.,46,0.031645311161577955,0.455
1,2,1.,47,0.036183888129841225,0.465
1,2,1.,48,0.041172293665455974,0.47500000000000003
1,2,1.,49,0.04660103740883609,0.485
1,2,1.,50,0.05246407070464088,0.495
1,2,1.,51,0.05875882220222347,0.505
1,2,1.,52,0.06548622308364625,0.515
1,2,1.,53,0.07265071770677177,0.525
1,2,1.,54,0.08026025446424512,0.535
1,2,1.,55,0.08832625065846178,0.545
1,2,1.,56,0.096863524177497,0.555
1,2,1.,57,0.10589018372144784,0.5650000000000001
1,2,1.,58,0.11542746826121182,0.5750000000000001
1,2,1.,59,0.12549952529598427,0.585
1,2,1.,60,0.13613311629136482,0.595
1,2,1.,61,0.14735723640415033,0.605
1,2,1.,62,0.15920263420987252,0.615
1,2,1.,63,0.17170121562589416,0.625
1,2,1.,64,0.18488531455746837,0.635
1,2,1.,65,0.19878681099743975,0.645
1,2,1.,66,0.21343607542770027,0.655
1,2,1.,67,0.22886071650328044,0.665
1,2,1.,68,0.2450841073335472,0.675
1,2,1.,69,0.2621236645155159,0.685
1,2,1.,70,0.27998885389132316,0.6950000000000001
1,2,1.,71,0.2986788984739152,0.7050000000000001
1,2,1.,72,0.3181801680399946,0.715
1,2,1.,73,0.33846323772770753,0.725
1,2,1.,74,0.35947961605712714,0.735
1,2,1.,75,0.3811581627527352,0.745
1,2,1.,76,0.4034012452299252,0.755
1,2,1.,77,0.42608072094260097,0.765
1,2,1.,78,0.44903388151434953,0.775
1,2,1.,79,0.4720595527768897,0.785
1,2,1.,80,0.4949146093500242,0.795
1,2,1.,81,0.517311226986334,0.805
1,2,1.,82,0.5389152506999281,0.8150000000000001
1,2,1.,83,0.5593460882488988,0.8250000000000001
1,2,1.,84,0.5781785310322229,0.8350000000000001
1,2,1.,85,0.5949468426581369,0.845
1,2,1.,86,0.6091513297178048,0.855
1,2,1.,87,0.620267422665748,0.865
1,2,1.,88,0.6277570709253606,0.875
1,2,1.,89,0.6310820472430061,0.885
1,2,1.,90,0.6297186456715365,0.895
1,2,1.,91,0.6231733582983524,0.905
1,2,1.,92,0.6109995573940139,0.915
1,2,1.,93,0.5928161111967605,0.925
1,2,1.,94,0.5683302821297161,0.935
1,2,1.,95,0.5373691026600741,0.9450000000000001
1,2,1.,96,0.4999252815054636,0.9550000000000001
1,2,1.,97,0.4562245423715106,0.965
1,2,1.,98,0.4068191520187643,0.975
1,2,1.,99,0.35270414795503646,0.985
1,2,1.,100,0.2954351194313343,0.995
2,2,0.95,1,0.6401020659719999,0.005
2,2,0.95,2,0.6284287718272227,0.015
2,2,0.95,3,0.6112097097450389,0.025
2,2,0.95,4,0.5896487606159287,0.034999999999999996
2,2,0.95,5,0.5648421485664862,0.045
2,2,0.95,6,0.5377291644995423,0.055
2,2,0.95,7,0.5090826053185415,0.065
2,2,0.95,8,0.479522732509617,0.07500000000000001
2,2,0.95,9,0.44954172093745887,0.085
2,2,0.95,10,0.4195299867801482,0.095
2,2,0.95,11,0.3897996766592364,0.10500000000000001
2,2,0.95,12,0.3606033838905906,0.115
2,2,0.95,13,0.33214787000376794,0.125
2,2,0.95,14,0.30460346599949867,0.135
2,2,0.95,15,0.27811017991749076,0.14500000000000002
2,2,0.95,16,0.2527815621365535,0.155
2,2,0.95,17,0.2287072310199062,0.165
2,2,0.95,18,0.20595474093730665,0.17500000000000002
2,2,0.95,19,0.18457124630228405,0.185
2,2,0.95,20,0.16458521580916616,0.195
2,2,0.95,21,0.14600829780471233,0.20500000000000002
2,2,0.95,22,0.12883733437259962,0.215
2,2,0.95,23,0.11305646326312885,0.225
2,2,0.95,24,0.09863922370687012,0.23500000000000001
2,2,0.95,25,0.08555058346779702,0.245
2,2,0.95,26,0.07374882007661733,0.255
2,2,0.95,27,0.06318721090195964,0.265
2,2,0.95,28,0.05381550884228963,0.275
2,2,0.95,29,0.04558119950483969,0.28500000000000003
2,2,0.95,30,0.03843055016838692,0.295
2,2,0.95,31,0.03230947030102532,0.305
2,2,0.95,32,0.02716420842705398,0.315
2,2,0.95,33,0.02294191161895298,0.325
2,2,0.95,34,0.019591072858285,0.335
2,2,0.95,35,0.017061888924540497,0.34500000000000003
2,2,0.95,36,0.015306548130532458,0.35500000000000004
2,2,0.95,37,0.014279463722214794,0.365
2,2,0.95,38,0.013937465495323782,0.375
2,2,0.95,39,0.014239959372215262,0.385
2,2,0.95,40,0.015149062412843464,0.395
2,2,0.95,41,0.01662971898832141,0.405
2,2,0.95,42,0.018649802546066747,0.41500000000000004
2,2,0.95,43,0.021180206433347747,0.425
2,2,0.95,44,0.024194926505436795,0.435
2,2,0.95,45,0.027671137619988836,0.445
2,2,0.95,46,0.03158926552540661,0.455
2,2,0.95,47,0.035933055027307266,0.465
2,2,0.95,48,0.04068963462804136,0.47500000000000003
2,2,0.95,49,0.0458495770655265,0.485
2,2,0.95,50,0.051406954332199606,0.495
2,2,0.95,51,0.05735938484642084,0.505
2,2,0.95,52,0.06370806949622405,0.515
2,2,0.95,53,0.07045781229818579,0.525
2,2,0.95,54,0.07761702042788558,0.535
2,2,0.95,55,0.08519767739189205,0.545
2,2,0.95,56,0.09321528212521825,0.555
2,2,0.95,57,0.1016887458048657,0.5650000000000001
2,2,0.95,58,0.11064023715325988,0.5750000000000001
2,2,0.95,59,0.12009496594169966,0.585
2,2,0.95,60,0.13008089326455988,0.595
2,2,0.95,61,0.14062835590805955,0.605
2,2,0.95,62,0.15176959075179497,0.615
2,2,0.95,63,0.16353814359207713,0.625
2,2,0.95,64,0.17596814505341324,0.635
2,2,0.95,65,0.18909343437598816,0.645
2,2,0.95,66,0.20294650989667953,0.655
2,2,0.95,67,0.21755728311429962,0.665
2,2,0.95,68,0.2329516115850384,0.675
2,2,0.95,69,0.2491495849113422,0.685
2,2,0.95,70,0.26616353832774026,0.6950000000000001
2,2,0.95,71,0.28399577062850484,0.7050000000000001
2,2,0.95,72,0.3026359484399948,0.715
2,2,0.95,73,0.3220581883572115,0.725
2,2,0.95,74,0.3422178236442681,0.735
2,2,0.95,75,0.3630478844668954,0.745
2,2,0.95,76,0.3844553511771208,0.755
2,2,0.95,77,0.40631727959587305,0.765
2,2,0.95,78,0.4284769450182336,0.775
2,2,0.95,79,0.4507402055727398,0.785
2,2,0.95,80,0.4728723410845305,0.795
2,2,0.95,81,0.49459567352939654,0.805
2,2,0.95,82,0.5155883097474816,0.8150000000000001
2,2,0.95,83,0.5354843548849837,0.8250000000000001
2,2,0.95,84,0.5538759150765493,0.8350000000000001
2,2,0.95,85,0.5703171331087759,0.845
2,2,0.95,86,0.5843303826892047,0.855
2,2,0.95,87,0.5954146005256634,0.865
2,2,0.95,88,0.6030555933477613,0.875
2,2,0.95,89,0.6067380706679977,0.885
2,2,0.95,90,0.6059591897632696,0.895
2,2,0.95,91,0.6002436275535735,0.905
2,2,0.95,92,0.5891606704943511,0.915
2,2,0.95,93,0.5723445501821101,0.925
2,2,0.95,94,0.5495201748264895,0.935
2,2,0.95,95,0.5205372944077586,0.9450000000000001
2,2,0.95,96,0.48541654434204,0.9550000000000001
2,2,0.95,97,0.4444099906808874,0.965
2,2,0.95,98,0.39807570035669926,0.975
2,2,0.95,99,0.3473593891422421,0.985
2,2,0.95,100,0.29366599709143837,0.995
3,2,0.7,1,0.6243822688799969,0.005
3,2,0.7,2,0.5903029516569397,0.015
3,2,0.7,3,0.5591819092712925,0.025
3,2,0.7,4,0.5293173238095122,0.034999999999999996
3,2,0.7,5,0.4999131049338568,0.045
3,2,0.7,6,0.47067915537988003,0.055
3,2,0.7,7,0.4415955886655383,0.065
3,2,0.7,8,0.41277183054841804,0.07500000000000001
3,2,0.7,9,0.3843654634623732,0.085
3,2,0.7,10,0.3565391920465528,0.095
3,2,0.7,11,0.32944116244821453,0.10500000000000001
3,2,0.7,12,0.303198452361643,0.115
3,2,0.7,13,0.277917044552878,0.125
3,2,0.7,14,0.2536842477686963,0.135
3,2,0.7,15,0.23057141627928227,0.14500000000000002
3,2,0.7,16,0.2086360532449104,0.155
3,2,0.7,17,0.18792310737280132,0.165
3,2,0.7,18,0.16846563287045807,0.17500000000000002
3,2,0.7,19,0.15028510613190896,0.185
3,2,0.7,20,0.1333916783469236,0.195
3,2,0.7,21,0.11778456356874793,0.20500000000000002
3,2,0.7,22,0.103452665035801,0.215
3,2,0.7,23,0.09037545731755318,0.225
3,2,0.7,24,0.07852408153757935,0.23500000000000001
3,2,0.7,25,0.06786257821441088,0.245
3,2,0.7,26,0.05834917333366755,0.255
3,2,0.7,27,0.04993754127654125,0.265
3,2,0.7,28,0.042577985855920354,0.275
3,2,0.7,29,0.0362185017072412,0.28500000000000003
3,2,0.7,30,0.030805698177140753,0.295
3,2,0.7,31,0.02628558403058689,0.305
3,2,0.7,32,0.022604222699514842,0.315
3,2,0.7,33,0.019708274488145258,0.325
3,2,0.7,34,0.017545444873644844,0.335
3,2,0.7,35,0.016064857841313614,0.34500000000000003
3,2,0.7,36,0.015217371150571781,0.35500000000000004
3,2,0.7,37,0.014955847485175568,0.365
3,2,0.7,38,0.015235392319919138,0.375
3,2,0.7,39,0.016013566513134906,0.385
3,2,0.7,40,0.017250579360072595,0.395
3,2,0.7,41,0.018909466184508752,0.405
3,2,0.7,42,0.020956253443645274,0.41500000000000004
3,2,0.7,43,0.023360113638325925,0.425
3,2,0.7,44,0.026093511892330477,0.435
3,2,0.7,45,0.02913234573386001,0.445
3,2,0.7,46,0.032456079252793577,0.455
3,2,0.7,47,0.03604787233433724,0.465
3,2,0.7,48,0.0398947050421526,0.47500000000000003
3,2,0.7,49,0.04398749643832961,0.485
3,2,0.7,50,0.04832121620738286,0.495
3,2,0.7,51,0.05289498643604161,0.505
3,2,0.7,52,0.057712169833454445,0.515
3,2,0.7,53,0.06278043959616311,0.525
3,2,0.7,54,0.06811182505647555,0.535
3,2,0.7,55,0.07372272621546959,0.545
3,2,0.7,56,0.07963388925260206,0.555
3,2,0.7,57,0.08587033411050352,0.5650000000000001
3,2,0.7,58,0.09246122425450368,0.5750000000000001
3,2,0.7,59,0.09943966767394673,0.585
3,2,0.7,60,0.1068424370947069,0.595
3,2,0.7,61,0.1147095961758441,0.605
3,2,0.7,62,0.1230840171349046,0.615
3,2,0.7,63,0.13201077375801273,0.625
3,2,0.7,64,0.1415363920894328,0.635
3,2,0.7,65,0.15170793927954943,0.645
3,2,0.7,66,0.16257192917875754,0.655
3,2,0.7,67,0.17417302147502686,0.665
3,2,0.7,68,0.18655248981079636,0.675
3,2,0.7,69,0.19974643390916702,0.685
3,2,0.7,70,0.21378371207056499,0.6950000000000001
3,2,0.7,71,0.22868357452702967,0.7050000000000001
3,2,0.7,72,0.24445298637593832,0.715
3,2,0.7,73,0.2610836426294531,0.725
3,2,0.7,74,0.27854869872993904,0.735
3,2,0.7,75,0.2967992687174178,0.745
3,2,0.7,76,0.3157607802264157,0.755
3,2,0.7,77,0.3353293192759754,0.765
3,2,0.7,78,0.35536814492200464,0.775
3,2,0.7,79,0.37570459822464064,0.785
3,2,0.7,80,0.396127663053037,0.795
3,2,0.7,81,0.41638644770261174,0.805
3,2,0.7,82,0.4361898361307505,0.8150000000000001
3,2,0.7,83,0.45520749946214406,0.8250000000000001
3,2,0.7,84,0.47307236398237623,0.8350000000000001
3,2,0.7,85,0.48938451558741,0.845
3,2,0.7,86,0.5037164132175227,0.855
3,2,0.7,87,0.5156192321396595,0.865
3,2,0.7,88,0.5246302201649469,0.875
3,2,0.7,89,0.5302811830108719,0.885
3,2,0.7,90,0.5321086544875493,0.895
3,2,0.7,91,0.5296669375573382,0.905
3,2,0.7,92,0.5225459192713845,0.915
3,2,0.7,93,0.5103961301682376,0.925
3,2,0.7,94,0.4929635370349316,0.935
3,2,0.7,95,0.47013548129117466,0.9450000000000001
3,2,0.7,96,0.4419964554141464,0.9550000000000001
3,2,0.7,97,0.40888785416391643,0.965
3,2,0.7,98,0.37146019883948617,0.975
3,2,0.7,99,0.33070191696867496,0.985
3,2,0.7,100,0.2879295322077636,0.995
4,4,1.,1,0.6493958279244058,0.005
4,4,1.,2,0.656654187112229,0.015
4,4,1.,3,0.6578556751710147,0.025
4,4,1.,4,0.653229994852707,0.034999999999999996
4,4,1.,5,0.6431763771958727,0.045
4,4,1.,6,0.6282256439889694,0.055
4,4,1.,7,0.6089994086841414,0.065
4,4,1.,8,0.5861702073468187,0.07500000000000001
4,4,1.,9,0.5604255133493218,0.085
4,4,1.,10,0.5324375963351108,0.095
4,4,1.,11,0.5028402029697686,0.10500000000000001
4,4,1.,12,0.47221218790563885,0.115
4,4,1.,13,0.4410675805921782,0.125
4,4,1.,14,0.40985115979044046,0.135
4,4,1.,15,0.37893840635914916,0.14500000000000002
4,4,1.,16,0.3486386749206264,0.155
4,4,1.,17,0.3192005151873431,0.165
4,4,1.,18,0.2908182342272899,0.17500000000000002
4,4,1.,19,0.263638980425589,0.185
4,4,1.,20,0.23776981841613806,0.195
4,4,1.,21,0.21328443314046533,0.20500000000000002
4,4,1.,22,0.19022924115478984,0.215
4,4,1.,23,0.16862879588851853,0.225
4,4,1.,24,0.14849045263307042,0.23500000000000001
4,4,1.,25,0.12980831278889374,0.245
4,4,1.,26,0.11256650034820895,0.255
4,4,1.,27,0.09674184169271698,0.265
4,4,1.,28,0.08230602691312554,0.275
4,4,1.,29,0.06922733060061097,0.28500000000000003
4,4,1.,30,0.05747196520236984,0.295
4,4,1.,31,0.047005132627993995,0.305
4,4,1.,32,0.037791831285107776,0.315
4,4,1.,33,0.02979746707538856,0.325
4,4,1.,34,0.022988308696818616,0.335
4,4,1.,35,0.017331820212749174,0.34500000000000003
4,4,1.,36,0.012796897417456744,0.35500000000000004
4,4,1.,37,0.009354029082906017,0.365
4,4,1.,38,0.006975399666328896,0.375
4,4,1.,39,0.005634946401652775,0.385
4,4,1.,40,0.005308380776002108,0.395
4,4,1.,41,0.005973182084701154,0.405
4,4,1.,42,0.00760856894687227,0.41500000000000004
4,4,1.,43,0.010195453240798801,0.425
4,4,1.,44,0.013716379788723808,0.435
4,4,1.,45,0.01815545420439225,0.445
4,4,1.,46,0.02349826054810631,0.455
4,4,1.,47,0.02973176976235982,0.465
4,4,1.,48,0.036844239248336214,0.47500000000000003
4,4,1.,49,0.044825103363165676,0.485
4,4,1.,50,0.053664854052814376,0.495
4,4,1.,51,0.0633549102762422,0.505
4,4,1.,52,0.07388747431879615,0.515
4,4,1.,53,0.08525537253583676,0.525
4,4,1.,54,0.09745187751178605,0.535
4,4,1.,55,0.11047050806520062,0.545
4,4,1.,56,0.12430480297511413,0.555
4,4,1.,57,0.1389480637424457,0.5650000000000001
4,4,1.,58,0.15439306112312884,0.5750000000000001
4,4,1.,59,0.170631699562416,0.585
4,4,1.,60,0.18765463300353902,0.595
4,4,1.,61,0.2054508248157176,0.605
4,4,1.,62,0.22400704376159808,0.615
4,4,1.,63,0.24330728697867648,0.625
4,4,1.,64,0.263332119864821,0.635
4,4,1.,65,0.2840579215281809,0.645
4,4,1.,66,0.30545602310088915,0.655
4,4,1.,67,0.3274917247707679,0.665
4,4,1.,68,0.3501231759501268,0.675
4,4,1.,69,0.3733001017371332,0.685
4,4,1.,70,0.39696235798554586,0.6950000000000001
4,4,1.,71,0.4210382972553111,0.7050000000000001
4,4,1.,72,0.4454429291960549,0.715
4,4,1.,73,0.470075862236167,0.725
4,4,1.,74,0.49481901976158427,0.735
4,4,1.,75,0.5195341344875338,0.745
4,4,1.,76,0.5440600409618324,0.755
4,4,1.,77,0.5682098098875097,0.765
4,4,1.,78,0.5917678012515236,0.775
4,4,1.,79,0.6144867582379037,0.785
4,4,1.,80,0.6360851225807209,0.795
4,4,1.,81,0.6562448257805142,0.805
4,4,1.,82,0.6746098996059038,0.8150000000000001
4,4,1.,83,0.6907863514232612,0.8250000000000001
4,4,1.,84,0.7043438594889684,0.8350000000000001
4,4,1.,85,0.7148199496319088,0.845
4,4,1.,86,0.7217274002099305,0.855
4,4,1.,87,0.7245656611987644,0.865
4,4,1.,88,0.7228370316727384,0.875
4,4,1.,89,0.716068176841277,0.885
4,4,1.,90,0.7038372381963847,0.895
4,4,1.,91,0.6858062619773111,0.905
4,4,1.,92,0.6617579260327553,0.915
4,4,1.,93,0.6316346042563475,0.925
4,4,1.,94,0.5955767461897568,0.935
4,4,1.,95,0.5539565079922482,0.9450000000000001
4,4,1.,96,0.5074017553474783,0.9550000000000001
4,4,1.,97,0.45680521873160634,0.965
4,4,1.,98,0.40331396724501706,0.975
4,4,1.,99,0.3482956671758571,0.985
4,4,1.,100,0.29328036041915645,0.995
5,4,0.95,1,0.6461100753304132,0.005
5,4,0.95,2,0.6475385422736459,0.015
5,4,0.95,3,0.6438741789506046,0.025
5,4,0.95,4,0.6353071327187058,0.034999999999999996
5,4,0.95,5,0.6221854299729583,0.045
5,4,0.95,6,0.6049766893480458,0.055
5,4,0.95,7,0.5842279745670829,0.065
5,4,0.95,8,0.5605280009534139,0.07500000000000001
5,4,0.95,9,0.5344745003286572,0.085
5,4,0.95,10,0.5066481616489639,0.095
5,4,0.95,11,0.4775934434770068,0.10500000000000001
5,4,0.95,12,0.44780578776878843,0.115
5,4,0.95,13,0.4177243321428432,0.125
5,4,0.95,14,0.3877290456452719,0.135
5,4,0.95,15,0.35814121515840314,0.14500000000000002
5,4,0.95,16,0.32922631194611973,0.155
5,4,0.95,17,0.30119841641475603,0.165
5,4,0.95,18,0.27422553941982364,0.17500000000000002
5,4,0.95,19,0.2484353307388063,0.185
5,4,0.95,20,0.22392080005026063,0.195
5,4,0.95,21,0.20074578934892617,0.20500000000000002
5,4,0.95,22,0.1789500279718055,0.215
5,4,0.95,23,0.15855367380348714,0.225
5,4,0.95,24,0.1395612990462355,0.23500000000000001
5,4,0.95,25,0.12196531874356394,0.245
5,4,0.95,26,0.1057488876140869,0.255
5,4,0.95,27,0.0908883081295729,0.265
5,4,0.95,28,0.07735500237825864,0.275
5,4,0.95,29,0.06511710404000619,0.28500000000000003
5,4,0.95,30,0.054140726418484754,0.295
5,4,0.95,31,0.04439095928874018,0.305
5,4,0.95,32,0.03583264241090439,0.315
5,4,0.95,33,0.028430957767039133,0.325
5,4,0.95,34,0.022151876515303922,0.335
5,4,0.95,35,0.016962490757608938,0.34500000000000003
5,4,0.95,36,0.012831254767609834,0.35500000000000004
5,4,0.95,37,0.009728155490167503,0.365
5,4,0.95,38,0.007624827974494295,0.375
5,4,0.95,39,0.006494627946592356,0.385
5,4,0.95,40,0.006312670920192948,0.395
5,4,0.95,41,0.007055845016491242,0.405
5,4,0.95,42,0.008702802921897011,0.41500000000000004
5,4,0.95,43,0.0112339370641651,0.425
5,4,0.95,44,0.014631341037340505,0.435
5,4,0.95,45,0.01887875947003331,0.445
5,4,0.95,46,0.023961527837006676,0.455
5,4,0.95,47,0.02986650310277102,0.465
5,4,0.95,48,0.036581985514770474,0.47500000000000003
5,4,0.95,49,0.044097631304202245,0.485
5,4,0.95,50,0.05240435548871244,0.495
5,4,0.95,51,0.06149422339772758,0.505
5,4,0.95,52,0.07136032896006102,0.515
5,4,0.95,53,0.08199665721101342,0.525
5,4,0.95,54,0.09339792789988509,0.535
5,4,0.95,55,0.10555941651405687,0.545
5,4,0.95,56,0.11847674848337103,0.555
5,4,0.95,57,0.13214566178254247,0.5650000000000001
5,4,0.95,58,0.14656173259588604,0.5750000000000001
5,4,0.95,59,0.16172005812563,0.585
5,4,0.95,60,0.1776148899830734,0.595
5,4,0.95,61,0.1942392108663423,0.605
5,4,0.95,62,0.211584246363913,0.615
5,4,0.95,63,0.22963890269828807,0.625
5,4,0.95,64,0.24838912002037447,0.635
5,4,0.95,65,0.2678171294853311,0.645
5,4,0.95,66,0.28790060082221647,0.655
5,4,0.95,67,0.30861166553845576,0.665
5,4,0.95,68,0.32991579942694244,0.675
5,4,0.95,69,0.35177054690312415,0.685
5,4,0.95,70,0.37412406922978925,0.6950000000000001
5,4,0.95,71,0.3969134993499543,0.7050000000000001
5,4,0.95,72,0.42006308844671275,0.715
5,4,0.95,73,0.443482134242764,0.725
5,4,0.95,74,0.4670626893640033,0.735
5,4,0.95,75,0.4906770608989382,0.745
5,4,0.95,76,0.5141751307942998,0.755
5,4,0.95,77,0.5373815522112564,0.765
5,4,0.95,78,0.5600929106673795,0.775
5,4,0.95,79,0.582074981757397,0.785
5,4,0.95,80,0.603060270112442,0.795
5,4,0.95,81,0.6227460769264203,0.805
5,4,0.95,82,0.6407934146270867,0.8150000000000001
5,4,0.95,83,0.6568271642677231,0.8250000000000001
5,4,0.95,84,0.6704379489662978,0.8350000000000001
5,4,0.95,85,0.6811862674531066,0.845
5,4,0.95,86,0.6886094843363602,0.855
5,4,0.95,87,0.6922322928907205,0.865
5,4,0.95,88,0.6915812323490488,0.875
5,4,0.95,89,0.6862037304146942,0.885
5,4,0.95,90,0.6756919241867667,0.895
5,4,0.95,91,0.659711157333961,0.905
5,4,0.95,92,0.6380325281319208,0.915
5,4,0.95,93,0.6105681522859194,0.925
5,4,0.95,94,0.5774069128369995,0.935
5,4,0.95,95,0.5388474532993899,0.9450000000000001
5,4,0.95,96,0.49542416475860146,0.9550000000000001
5,4,0.95,97,0.4479211611406315,0.965
5,4,0.95,98,0.3973690691690175,0.975
5,4,0.95,99,0.3450202687595724,0.985
5,4,0.95,100,0.29230031556764546,0.995
6,4,0.7,1,0.634235795209163,0.005
6,4,0.7,2,0.6152205240421661,0.015
6,4,0.7,3,0.5949060104400613,0.025
6,4,0.7,4,0.5729774347034032,0.034999999999999996
6,4,0.7,5,0.549424615260797,0.045
6,4,0.7,6,0.5244223485371242,0.055
6,4,0.7,7,0.49824517897287135,0.065
6,4,0.7,8,0.47120924266200526,0.07500000000000001
6,4,0.7,9,0.44363525310519847,0.085
6,4,0.7,10,0.41582710895456243,0.095
6,4,0.7,11,0.3880611823945902,0.10500000000000001
6,4,0.7,12,0.3605822620484832,0.115
6,4,0.7,13,0.33360319450193354,0.125
6,4,0.7,14,0.3073062800091881,0.135
6,4,0.7,15,0.2818452967989414,0.14500000000000002
6,4,0.7,16,0.2573476095958452,0.155
6,4,0.7,17,0.23391617794401567,0.165
6,4,0.7,18,0.21163146575193154,0.17500000000000002
6,4,0.7,19,0.19055332023958027,0.185
6,4,0.7,20,0.17072288587535475,0.195
6,4,0.7,21,0.152164585219692,0.20500000000000002
6,4,0.7,22,0.13488815933816586,0.215
6,4,0.7,23,0.11889072972068367,0.225
6,4,0.7,24,0.10415882688020914,0.23500000000000001
6,4,0.7,25,0.09067032776380626,0.245
6,4,0.7,26,0.07839625154356679,0.255
6,4,0.7,27,0.0673023770237161,0.265
6,4,0.7,28,0.05735066085264622,0.275
6,4,0.7,29,0.04850045095433255,0.28500000000000003
6,4,0.7,30,0.040709502203805766,0.295
6,4,0.7,31,0.03393481049464276,0.305
6,4,0.7,32,0.028133286889048443,0.315
6,4,0.7,33,0.02326229591630617,0.325
6,4,0.7,34,0.0192800819723595,0.335
6,4,0.7,35,0.016146105931569846,0.34500000000000003
6,4,0.7,36,0.013821311225409267,0.35500000000000004
6,4,0.7,37,0.012268335367843494,0.365
6,4,0.7,38,0.011451679659139109,0.375
6,4,0.7,39,0.011337846871698542,0.385
6,4,0.7,40,0.011895454269409654,0.395
6,4,0.7,41,0.013095327381554982,0.405
6,4,0.7,42,0.014910578509072188,0.41500000000000004
6,4,0.7,43,0.017316672900070402,0.425
6,4,0.7,44,0.02029148478413982,0.435
6,4,0.7,45,0.023815344889397887,0.445
6,4,0.7,46,0.027871080582964423,0.455
6,4,0.7,47,0.03244404929691828,0.465
6,4,0.7,48,0.03752216537589783,0.47500000000000003
6,4,0.7,49,0.04309591988323663,0.485
6,4,0.7,50,0.04915839222616485,0.495
6,4,0.7,51,0.05570525172042093,0.505
6,4,0.7,52,0.06273474643432898,0.515
6,4,0.7,53,0.0702476758593994,0.525
6,4,0.7,54,0.07824734317358505,0.535
6,4,0.7,55,0.08673948211128449,0.545
6,4,0.7,56,0.09573215273589021,0.555
6,4,0.7,57,0.10523559971656146,0.5650000000000001
6,4,0.7,58,0.11526206601623572,0.5750000000000001
6,4,0.7,59,0.12582555416377217,0.585
6,4,0.7,60,0.1369415264595039,0.595
6,4,0.7,61,0.1486265344942371,0.605
6,4,0.7,62,0.16089776719240986,0.615
6,4,0.7,63,0.17377250517843104,0.625
6,4,0.7,64,0.1872674675952405,0.635
6,4,0.7,65,0.2013980356041586,0.645
6,4,0.7,66,0.21617733475951395,0.655
6,4,0.7,67,0.23161515646607025,0.665
6,4,0.7,68,0.24771669709591504,0.675
6,4,0.7,69,0.2644810925125219,0.685
6,4,0.7,70,0.28189972633552607,0.6950000000000001
6,4,0.7,71,0.2999542930634654,0.7050000000000001
6,4,0.7,72,0.3186146030906474,0.715
6,4,0.7,73,0.3378361267475042,0.725
6,4,0.7,74,0.35755728979990486,0.735
6,4,0.7,75,0.37769655423418763,0.745
6,4,0.7,76,0.3981493460997717,0.755
6,4,0.7,77,0.41878492644243626,0.765
6,4,0.7,78,0.43944334065690055,0.775
6,4,0.7,79,0.45993262328768203,0.785
6,4,0.7,80,0.48002647528256204,0.795
6,4,0.7,81,0.4994626634868927,0.805
6,4,0.7,82,0.5179424116259177,0.8150000000000001
6,4,0.7,83,0.5351310526871491,0.8250000000000001
6,4,0.7,84,0.5506601916969663,0.8350000000000001
6,4,0.7,85,0.5641315877375195,0.845
6,4,0.7,86,0.5751229144419061,0.855
6,4,0.7,87,0.5831955173430344,0.865
6,4,0.7,88,0.5879042792940733,0.875
6,4,0.7,89,0.5888097575266129,0.885
6,4,0.7,90,0.5854928831216532,0.895
6,4,0.7,91,0.577572703916186,0.905
6,4,0.7,92,0.5647278459294119,0.915
6,4,0.7,93,0.5467224412989534,0.925
6,4,0.7,94,0.5234370261338923,0.935
6,4,0.7,95,0.49490410726297246,0.9450000000000001
6,4,0.7,96,0.4613465250717193,0.9550000000000001
6,4,0.7,97,0.423214384213983,0.965
6,4,0.7,98,0.38121357917841736,0.975
6,4,0.7,99,0.33631680683945836,0.985
6,4,0.7,100,0.289748025933586,0.995
7,10,1.,1,0.6584989255678113,0.005
7,10,1.,2,0.6841990229785723,0.015
7,10,1.,3,0.7032858842966088,0.025
7,10,1.,4,0.7150525182058677,0.034999999999999996
7,10,1.,5,0.7191663537723383,0.045
7,10,1.,6,0.715684446065801,0.055
7,10,1.,7,0.7050213997683737,0.065
7,10,1.,8,0.687880074576469,0.07500000000000001
7,10,1.,9,0.6651613139055509,0.085
7,10,1.,10,0.6378698988751829,0.095
7,10,1.,11,0.6070305772901907,0.10500000000000001
7,10,1.,12,0.5736224905049894,0.115
7,10,1.,13,0.5385347759944603,0.125
7,10,1.,14,0.5025419430229823,0.135
7,10,1.,15,0.4662952500013451,0.14500000000000002
7,10,1.,16,0.430325528917022,0.155
7,10,1.,17,0.39505318344583734,0.165
7,10,1.,18,0.36080190544752805,0.17500000000000002
7,10,1.,19,0.32781361750356375,0.185
7,10,1.,20,0.29626302758060497,0.195
7,10,1.,21,0.2662708770213329,0.20500000000000002
7,10,1.,22,0.23791545896438088,0.215
7,10,1.,23,0.21124230693329304,0.225
7,10,1.,24,0.18627214313089824,0.23500000000000001
7,10,1.,25,0.16300727278799965,0.245
7,10,1.,26,0.1414366475958135,0.255
7,10,1.,27,0.12153982214445688,0.265
7,10,1.,28,0.10329000908023211,0.275
7,10,1.,29,0.08665641206825486,0.28500000000000003
7,10,1.,30,0.07160598698434827,0.295
7,10,1.,31,0.05810475454818863,0.305
7,10,1.,32,0.04611876350102791,0.315
7,10,1.,33,0.03561478298280909,0.325
7,10,1.,34,0.02656078592417673,0.335
7,10,1.,35,0.018926271686828654,0.34500000000000003
7,10,1.,36,0.012682465391145589,0.35500000000000004
7,10,1.,37,0.007802422878409343,0.365
7,10,1.,38,0.004261063619063334,0.375
7,10,1.,39,0.0020351487113267606,0.385
7,10,1.,40,0.0011032170944510913,0.395
7,10,1.,41,0.001445489968379006,0.405
7,10,1.,42,0.0030437509612281774,0.41500000000000004
7,10,1.,43,0.005881207657962852,0.425
7,10,1.,44,0.009942338574531712,0.435
7,10,1.,45,0.015212728437075782,0.445
7,10,1.,46,0.021678893633033117,0.455
7,10,1.,47,0.0293280988841772,0.465
7,10,1.,48,0.03814816550718966,0.47500000000000003
7,10,1.,49,0.04812727104061679,0.485
7,10,1.,50,0.059253739499821795,0.495
7,10,1.,51,0.07151582105034394,0.505
7,10,1.,52,0.08490145944489849,0.515
7,10,1.,53,0.0993980451326861,0.525
7,10,1.,54,0.11499215150639787,0.535
7,10,1.,55,0.13166925128865506,0.545
7,10,1.,56,0.14941340956342478,0.555
7,10,1.,57,0.1682069494181902,0.5650000000000001
7,10,1.,58,0.1880300855692307,0.5750000000000001
7,10,1.,59,0.208860520685681,0.585
7,10,1.,60,0.23067299839851674,0.595
7,10,1.,61,0.25343880616806125,0.605
7,10,1.,62,0.2771252202765881,0.615
7,10,1.,63,0.30169488419780494,0.625
7,10,1.,64,0.3271051104570715,0.635
7,10,1.,65,0.35330709481806566,0.645
7,10,1.,66,0.3802450301963458,0.655
7,10,1.,67,0.40785510609501946,0.665
7,10,1.,68,0.43606437758144345,0.675
7,10,1.,69,0.46478948590032326,0.685
7,10,1.,70,0.49393521081810465,0.6950000000000001
7,10,1.,71,0.52339283286658,0.7050000000000001
7,10,1.,72,0.553038282082095,0.715
7,10,1.,73,0.5827300491088464,0.725
7,10,1.,74,0.6123068354524245,0.735
7,10,1.,75,0.6415849234968874,0.745
7,10,1.,76,0.6703552555590457,0.755
7,10,1.,77,0.6983802275824922,0.765
7,10,1.,78,0.7253902311150549,0.775
7,10,1.,79,0.7510800225293841,0.785
7,10,1.,80,0.7751050683595859,0.795
7,10,1.,81,0.7970781192234416,0.805
7,10,1.,82,0.8165664123901648,0.8150000000000001
7,10,1.,83,0.8330901045752404,0.8250000000000001
7,10,1.,84,0.8461227981322723,0.8350000000000001
7,10,1.,85,0.8550953415160508,0.845
7,10,1.,86,0.8594044344767836,0.855
7,10,1.,87,0.8584278908318337,0.865
7,10,1.,88,0.8515485955122489,0.875
7,10,1.,89,0.8381890598352614,0.885
7,10,1.,90,0.8178577861740326,0.895
7,10,1.,91,0.7902071301771993,0.905
7,10,1.,92,0.7550997999607981,0.915
7,10,1.,93,0.7126776141162917,0.925
7,10,1.,94,0.6634221853023029,0.935
7,10,1.,95,0.6081939635700082,0.9450000000000001
7,10,1.,96,0.5482352440635478,0.9550000000000001
7,10,1.,97,0.48512596731315477,0.965
7,10,1.,98,0.42068907523957144,0.975
7,10,1.,99,0.35685356343531577,0.985
7,10,1.,100,0.2954948298847009,0.995
8,10,0.95,1,0.654770580131726,0.005
8,10,0.95,2,0.6731946254424929,0.015
8,10,0.95,3,0.685492439165764,0.025
8,10,0.95,4,0.69122376919735,0.034999999999999996
8,10,0.95,5,0.6902625551352471,0.045
8,10,0.95,6,0.6827920128033678,0.055
8,10,0.95,7,0.6692667240470488,0.065
8,10,0.95,8,0.6503511138521779,0.07500000000000001
8,10,0.95,9,0.6268466501887859,0.085
8,10,0.95,10,0.5996196536669997,0.095
8,10,0.95,11,0.5695386806788176,0.10500000000000001
8,10,0.95,12,0.5374264923215315,0.115
8,10,0.95,13,0.5040279289614933,0.125
8,10,0.95,14,0.4699923297282362,0.135
8,10,0.95,15,0.4358676608144827,0.14500000000000002
8,10,0.95,16,0.4021030613639048,0.155
8,10,0.95,17,0.36905674016550205,0.165
8,10,0.95,18,0.3370067262209746,0.17500000000000002
8,10,0.95,19,0.30616264284565164,0.185
8,10,0.95,20,0.276677289751041,0.195
8,10,0.95,21,0.24865731335187394,0.20500000000000002
8,10,0.95,22,0.2221726082778323,0.215
8,10,0.95,23,0.1972643368935209,0.225
8,10,0.95,24,0.17395160360663806,0.23500000000000001
8,10,0.95,25,0.15223690288270517,0.245
8,10,0.95,26,0.1321104964652793,0.255
8,10,0.95,27,0.1135538834357636,0.265
8,10,0.95,28,0.09654251860493804,0.275
8,10,0.95,29,0.0810479184270437,0.28500000000000003
8,10,0.95,30,0.06703927426027685,0.295
8,10,0.95,31,0.0544846733453181,0.305
8,10,0.95,32,0.04335200991909001,0.315
8,10,0.95,33,0.033609653130386045,0.325
8,10,0.95,34,0.02522692506390994,0.335
8,10,0.95,35,0.018174431110841993,0.34500000000000003
8,10,0.95,36,0.012424275909846724,0.35500000000000004
8,10,0.95,37,0.007950190833636624,0.365
8,10,0.95,38,0.004727593221650352,0.375
8,10,0.95,39,0.0027335929904843625,0.385
8,10,0.95,40,0.001946958655119364,0.395
8,10,0.95,41,0.0023480519661375366,0.405
8,10,0.95,42,0.00391873814557986,0.41500000000000004
8,10,0.95,43,0.0066422769518216206,0.425
8,10,0.95,44,0.010503198413006735,0.435
8,10,0.95,45,0.015487165952308224,0.445
8,10,0.95,46,0.02158082871784786,0.455
8,10,0.95,47,0.028771664171622843,0.465
8,10,0.95,48,0.03704781134335201,0.47500000000000003
8,10,0.95,49,0.04639789458449066,0.485
8,10,0.95,50,0.05681083714007681,0.495
8,10,0.95,51,0.06827566337275455,0.505
8,10,0.95,52,0.08078128800984702,0.515
8,10,0.95,53,0.09431629032939885,0.525
8,10,0.95,54,0.10886867074532912,0.535
8,10,0.95,55,0.12442558678685808,0.545
8,10,0.95,56,0.14097306498497192,0.555
8,10,0.95,57,0.15849568467006395,0.5650000000000001
8,10,0.95,58,0.1769762291401575,0.5750000000000001
8,10,0.95,59,0.19639529906689565,0.585
8,10,0.95,60,0.21673088235385118,0.595
8,10,0.95,61,0.2379578739342635,0.605
8,10,0.95,62,0.2600475381777542,0.615
8,10,0.95,63,0.28296690565266475,0.625
8,10,0.95,64,0.3066780949489805,0.635
8,10,0.95,65,0.33113754909734905,0.645
8,10,0.95,66,0.356295174822132,0.655
8,10,0.95,67,0.38209337145516176,0.665
8,10,0.95,68,0.4084659348505606,0.675
8,10,0.95,69,0.4353368201561671,0.685
8,10,0.95,70,0.4626187459485473,0.6950000000000001
8,10,0.95,71,0.4902116212484138,0.7050000000000001
8,10,0.95,72,0.5180007766528684,0.715
8,10,0.95,73,0.5458549817891586,0.725
8,10,0.95,74,0.5736242343182035,0.735
8,10,0.95,75,0.6011373119756973,0.745
8,10,0.95,76,0.6281990903246104,0.755
8,10,0.95,77,0.6545876473692995,0.765
8,10,0.95,78,0.6800512051635772,0.775
8,10,0.95,79,0.7043050022593421,0.785
8,10,0.95,80,0.7270282545953762,0.795
8,10,0.95,81,0.747861452451033,0.805
8,10,0.95,82,0.7664043639450373,0.8150000000000001
8,10,0.95,83,0.7822152767250817,0.8250000000000001
8,10,0.95,84,0.7948122106692233,0.8350000000000001
8,10,0.95,85,0.8036770689258674,0.845
8,10,0.95,86,0.8082639403760418,0.855
8,10,0.95,87,0.8080129766817207,0.865
8,10,0.95,88,0.8023713591965259,0.875
8,10,0.95,89,0.7908227199596553,0.885
8,10,0.95,90,0.7729258222284828,0.895
8,10,0.95,91,0.7483621630364238,0.905
8,10,0.95,92,0.7169903102029858,0.915
8,10,0.95,93,0.6789022700347216,0.925
8,10,0.95,94,0.6344743406698462,0.935
8,10,0.95,95,0.584402479775723,0.9450000000000001
8,10,0.95,96,0.5297112962178411,0.9550000000000001
8,10,0.95,97,0.4717275047863751,0.965
8,10,0.95,98,0.4120136874302808,0.975
8,10,0.95,99,0.3522659757580437,0.985
8,10,0.95,100,0.2941879013748341,0.995
9,10,0.7,1,0.6414851879788589,0.005
9,10,0.7,2,0.6344564065616325,0.015
9,10,0.7,3,0.6234649137022863,0.025
9,10,0.7,4,0.6087605083128874,0.034999999999999996
9,10,0.7,5,0.5907076030093069,0.045
9,10,0.7,6,0.569743875144873,0.055
9,10,0.7,7,0.5463447099136413,0.065
9,10,0.7,8,0.5209948678180784,0.07500000000000001
9,10,0.7,9,0.49416742162239996,0.085
9,10,0.7,10,0.46630913546312003,0.095
9,10,0.7,11,0.43783107832285934,0.10500000000000001
9,10,0.7,12,0.4091032370761908,0.115
9,10,0.7,13,0.3804520613087446,0.125
9,10,0.7,14,0.3521601055350776,0.135
9,10,0.7,15,0.3244671553525533,0.14500000000000002
9,10,0.7,16,0.29757239704546873,0.155
9,10,0.7,17,0.2716373095216625,0.165
9,10,0.7,18,0.24678903316969347,0.17500000000000002
9,10,0.7,19,0.22312401718411168,0.185
9,10,0.7,20,0.20071177866312315,0.195
9,10,0.7,21,0.17959863278810437,0.20500000000000002
9,10,0.7,22,0.15981127869498582,0.215
9,10,0.7,23,0.14136015182605832,0.225
9,10,0.7,24,0.1242424800542365,0.23500000000000001
9,10,0.7,25,0.10844500621611809,0.245
9,10,0.7,26,0.09394636231607612,0.255
9,10,0.7,27,0.08071909941475904,0.265
9,10,0.7,28,0.06873139151137894,0.275
9,10,0.7,29,0.057948441539333706,0.28500000000000003
9,10,0.7,30,0.048333623310038265,0.295
9,10,0.7,31,0.039849395514742265,0.305
9,10,0.7,32,0.03245802350076699,0.315
9,10,0.7,33,0.0261221422538585,0.325
9,10,0.7,34,0.020805190547643678,0.335
9,10,0.7,35,0.016471742155491735,0.34500000000000003
9,10,0.7,36,0.013087755818792112,0.35500000000000004
9,10,0.7,37,0.010620761657381749,0.365
9,10,0.7,38,0.009039998102756857,0.375
9,10,0.7,39,0.008316510343125269,0.385
9,10,0.7,40,0.008423218722934379,0.395
9,10,0.7,41,0.009334963512437802,0.405
9,10,0.7,42,0.011028530891448216,0.41500000000000004
9,10,0.7,43,0.013482663791109944,0.425
9,10,0.7,44,0.016678060316776457,0.435
9,10,0.7,45,0.020597361745948298,0.445
9,10,0.7,46,0.02522513148078219,0.455
9,10,0.7,47,0.03054782577342712,0.465
9,10,0.7,48,0.03655375649023702,0.47500000000000003
9,10,0.7,49,0.043233045610764145,0.485
9,10,0.7,50,0.050577570557638236,0.495
9,10,0.7,51,0.05858089882454476,0.505
9,10,0.7,52,0.06723820972053546,0.515
9,10,0.7,53,0.07654620039318302,0.525
9,10,0.7,54,0.08650297264414625,0.535
9,10,0.7,55,0.09710789641844501,0.545
9,10,0.7,56,0.10836144523621787,0.555
9,10,0.7,57,0.12026499823682908,0.5650000000000001
9,10,0.7,58,0.13282060290333708,0.5750000000000001
9,10,0.7,59,0.1460306919035368,0.585
9,10,0.7,60,0.1598977467861813,0.595
9,10,0.7,61,0.1744239004661065,0.605
9,10,0.7,62,0.18961046947804874,0.615
9,10,0.7,63,0.20545740584134428,0.625
9,10,0.7,64,0.22196265703896267,0.635
9,10,0.7,65,0.23912142108673284,0.645
9,10,0.7,66,0.25692528200944725,0.655
9,10,0.7,67,0.2753612093698658,0.665
9,10,0.7,68,0.29441040401697016,0.675
9,10,0.7,69,0.31404697123661435,0.685
9,10,0.7,70,0.3342364024288375,0.6950000000000001
9,10,0.7,71,0.35493384786754845,0.7050000000000001
9,10,0.7,72,0.37608216673184275,0.715
9,10,0.7,73,0.3976097472856861,0.725
9,10,0.7,74,0.41942810078899256,0.735
9,10,0.7,75,0.4414292484695445,0.745
9,10,0.7,76,0.46348294265274165,0.755
9,10,0.7,77,0.48543379173055384,0.765
9,10,0.7,78,0.5070983944644903,0.775
9,10,0.7,79,0.5282626319428486,0.785
9,10,0.7,80,0.5486793142315781,0.795
9,10,0.7,81,0.56806643109754,0.805
9,10,0.7,82,0.586106308552039,0.8150000000000001
9,10,0.7,83,0.6024460204755655,0.8250000000000001
9,10,0.7,84,0.6166994413668281,0.8350000000000001
9,10,0.7,85,0.6284513460933976,0.845
9,10,0.7,86,0.6372639597915353,0.855
9,10,0.7,87,0.6426863317668033,0.865
9,10,0.7,88,0.6442668496150271,0.875
9,10,0.7,89,0.6415691238192192,0.885
9,10,0.7,90,0.6341913582883927,0.895
9,10,0.7,91,0.6217891732023155,0.905
9,10,0.7,92,0.6041016464476114,0.915
9,10,0.7,93,0.5809800553750359,0.925
9,10,0.7,94,0.5524183806299173,0.935
9,10,0.7,95,0.5185840211687673,0.9450000000000001
9,10,0.7,96,0.47984633086154427,0.9550000000000001
9,10,0.7,97,0.4367995650900153,0.965
9,10,0.7,98,0.39027580597800515,0.975
9,10,0.7,99,0.34134279771043,0.985
9,10,0.7,100,0.291281930751207,0.995
10,20,1.,1,0.6626017545449034,0.005
10,20,1.,2,0.696582579530021,0.015
10,20,1.,3,0.7236933301237212,0.025
10,20,1.,4,0.7428154296982955,0.034999999999999996
10,20,1.,5,0.7532710291987351,0.045
10,20,1.,6,0.754877754057813,0.055
10,20,1.,7,0.7479347479468902,0.065
10,20,1.,8,0.7331487246828929,0.07500000000000001
10,20,1.,9,0.7115212989985094,0.085
10,20,1.,10,0.6842232784483331,0.095
10,20,1.,11,0.6524782123076976,0.10500000000000001
10,20,1.,12,0.61746952394598,0.115
10,20,1.,13,0.5802768123266248,0.125
10,20,1.,14,0.5418400614463196,0.135
10,20,1.,15,0.5029465355184074,0.14500000000000002
10,20,1.,16,0.4642337804119554,0.155
10,20,1.,17,0.4262025395447459,0.165
10,20,1.,18,0.389234638455586,0.17500000000000002
10,20,1.,19,0.3536123481902484,0.185
10,20,1.,20,0.31953703856842913,0.195
10,20,1.,21,0.2871459340329261,0.20500000000000002
10,20,1.,22,0.25652647592153427,0.215
10,20,1.,23,0.22772822650097535,0.225
10,20,1.,24,0.2007724901473201,0.23500000000000001
10,20,1.,25,0.17565993856395473,0.245
10,20,1.,26,0.15237655918916926,0.255
10,20,1.,27,0.13089823382572285,0.265
10,20,1.,28,0.11119422081668535,0.275
10,20,1.,29,0.0932297726495251,0.28500000000000003
10,20,1.,30,0.07696807945125347,0.295
10,20,1.,31,0.062371691304705476,0.305
10,20,1.,32,0.049403540195890557,0.315
10,20,1.,33,0.03802765591478395,0.325
10,20,1.,34,0.02820964893679862,0.335
10,20,1.,35,0.01991701649316971,0.34500000000000003
10,20,1.,36,0.013119314917453368,0.35500000000000004
10,20,1.,37,0.007788231201920149,0.365
10,20,1.,38,0.0038975788770689657,0.375
10,20,1.,39,0.0014232373139507603,0.385
10,20,1.,40,0.0003430489208821646,0.395
10,20,1.,41,0.0006366851333869815,0.405
10,20,1.,42,0.002285489324892778,0.41500000000000004
10,20,1.,43,0.0052723026028799426,0.425
10,20,1.,44,0.009581276755306862,0.435
10,20,1.,45,0.015197677265682875,0.445
10,20,1.,46,0.022107678239271206,0.455
10,20,1.,47,0.030298150214103856,0.465
10,20,1.,48,0.03975644111908461,0.47500000000000003
10,20,1.,49,0.05047015004740703,0.485
10,20,1.,50,0.06242689300345803,0.495
10,20,1.,51,0.07561405932661314,0.505
10,20,1.,52,0.09001855707051779,0.515
10,20,1.,53,0.10562654519882411,0.525
10,20,1.,54,0.12242315002736918,0.535
10,20,1.,55,0.14039216287992254,0.545
10,20,1.,56,0.15951571541335327,0.555
10,20,1.,57,0.17977392849372983,0.5650000000000001
10,20,1.,58,0.20114452985451123,0.5750000000000001
10,20,1.,59,0.22360243502993088,0.585
10,20,1.,60,0.24711928521984086,0.595
10,20,1.,61,0.271662934795155,0.605
10,20,1.,62,0.2971968800824748,0.615
10,20,1.,63,0.323679619856105,0.625
10,20,1.,64,0.35106393659456425,0.635
10,20,1.,65,0.3792960860001288,0.645
10,20,1.,66,0.4083148805015103,0.655
10,20,1.,67,0.4380506504251919,0.665
10,20,1.,68,0.46842406419581195,0.675
10,20,1.,69,0.49934478628918866,0.685
10,20,1.,70,0.530709948726451,0.6950000000000001
10,20,1.,71,0.5624024087473803,0.7050000000000001
10,20,1.,72,0.5942887621456002,0.715
10,20,1.,73,0.6262170790128692,0.725
10,20,1.,74,0.6580143270972881,0.735
10,20,1.,75,0.6894834489431818,0.745
10,20,1.,76,0.7204000645712573,0.755
10,20,1.,77,0.7505087849734443,0.765
10,20,1.,78,0.7795191480759108,0.775
10,20,1.,79,0.8071012351944528,0.785
10,20,1.,80,0.8328811022401732,0.795
10,20,1.,81,0.8564362790086157,0.805
10,20,1.,82,0.8772917676639542,0.8150000000000001
10,20,1.,83,0.8949172252132012,0.8250000000000001
10,20,1.,84,0.9087263588198781,0.8350000000000001
10,20,1.,85,0.9180800005768983,0.845
10,20,1.,86,0.9222948372031003,0.855
10,20,1.,87,0.9206602783791087,0.865
10,20,1.,88,0.9124663041482121,0.875
10,20,1.,89,0.8970450771067202,0.885
10,20,1.,90,0.8738282618655097,0.895
10,20,1.,91,0.8424199193481572,0.905
10,20,1.,92,0.8026811892351455,0.915
10,20,1.,93,0.754817792672106,0.925
10,20,1.,94,0.6994555292563962,0.935
10,20,1.,95,0.6376843327983596,0.9450000000000001
10,20,1.,96,0.5710508684952655,0.9550000000000001
10,20,1.,97,0.5014856681266667,0.965
10,20,1.,98,0.4311639946770457,0.975
10,20,1.,99,0.36231709541230633,0.985
10,20,1.,100,0.29702606170235724,0.995
11,20,0.95,1,0.6585141787119924,0.005
11,20,0.95,2,0.6843264972820424,0.015
11,20,0.95,3,0.7036096527665145,0.025
11,20,0.95,4,0.7156237043984033,0.034999999999999996
11,20,0.95,5,0.7200036810282372,0.045
11,20,0.95,6,0.71677874560251,0.055
11,20,0.95,7,0.7063426983752523,0.065
11,20,0.95,8,0.6893855668593951,0.07500000000000001
11,20,0.95,9,0.666802728014679,0.085
11,20,0.95,10,0.6395992971381547,0.095
11,20,0.95,11,0.6088042364082252,0.10500000000000001
11,20,0.95,12,0.5754029831326126,0.115
11,20,0.95,13,0.5402916449591565,0.125
11,20,0.95,14,0.5042514373882606,0.135
11,20,0.95,15,0.46793954352870337,0.14500000000000002
11,20,0.95,16,0.43189173556246735,0.155
11,20,0.95,17,0.3965323716392576,0.165
11,20,0.95,18,0.3621882196583662,0.17500000000000002
11,20,0.95,19,0.3291035502832045,0.185
11,20,0.95,20,0.2974548456897617,0.195
11,20,0.95,21,0.2673641850314642,0.20500000000000002
11,20,0.95,22,0.23891087611605,0.215
11,20,0.95,23,0.21214123259311463,0.225
11,20,0.95,24,0.1870765891580939,0.23500000000000001
11,20,0.95,25,0.16371974522383934,0.245
11,20,0.95,26,0.1420600641170678,0.255
11,20,0.95,27,0.12207745515120226,0.265
11,20,0.95,28,0.10374544698240992,0.275
11,20,0.95,29,0.08703353334856107,0.28500000000000003
11,20,0.95,30,0.07190894307455578,0.295
11,20,0.95,31,0.05833795859925272,0.305
11,20,0.95,32,0.04628688287329953,0.315
11,20,0.95,33,0.03572273382306164,0.325
11,20,0.95,34,0.02661372859610696,0.335
11,20,0.95,35,0.018929606124822765,0.34500000000000003
11,20,0.95,36,0.012641825681247158,0.35500000000000004
11,20,0.95,37,0.0077236705529085195,0.365
11,20,0.95,38,0.004150279292839587,0.375
11,20,0.95,39,0.001898621796331434,0.385
11,20,0.95,40,0.0009474334090558801,0.395
11,20,0.95,41,0.0012771171155227781,0.405
11,20,0.95,42,0.002869621387828783,0.41500000000000004
11,20,0.95,43,0.005708299332185025,0.425
11,20,0.95,44,0.009777753231208053,0.435
11,20,0.95,45,0.0150636673484658,0.445
11,20,0.95,46,0.02155263086528207,0.455
11,20,0.95,47,0.02923195200183835,0.465
11,20,0.95,48,0.038089463690987355,0.47500000000000003
11,20,0.95,49,0.048113320588726624,0.485
11,20,0.95,50,0.059291786691385115,0.495
11,20,0.95,51,0.07161301236245877,0.505
11,20,0.95,52,0.08506479913144993,0.515
11,20,0.95,53,0.0996343501954514,0.525
11,20,0.95,54,0.11530800411609653,0.535
11,20,0.95,55,0.13207094874608408,0.545
11,20,0.95,56,0.14990691192838246,0.555
11,20,0.95,57,0.16879782497616075,0.5650000000000001
11,20,0.95,58,0.18872345435205476,0.5750000000000001
11,20,0.95,59,0.20966099631161522,0.585
11,20,0.95,60,0.2315846285478278,0.595
11,20,0.95,61,0.2544650120610472,0.605
11,20,0.95,62,0.27826873557016796,0.615
11,20,0.95,63,0.3029576937633876,0.625
11,20,0.95,64,0.3284883895458653,0.635
11,20,0.95,65,0.3548111491609656,0.645
11,20,0.95,66,0.38186923762607916,0.655
11,20,0.95,67,0.40959786032186046,0.665
11,20,0.95,68,0.43792303480520745,0.675
11,20,0.95,69,0.4667603150055498,0.685
11,20,0.95,70,0.49601334798010416,0.6950000000000001
11,20,0.95,71,0.5255722414935086,0.7050000000000001
11,20,0.95,72,0.5553117191256663,0.715
11,20,0.95,73,0.5850890388762814,0.725
11,20,0.95,74,0.6147416521129153,0.735
11,20,0.95,75,0.6440845834486154,0.745
11,20,0.95,76,0.6729075206433607,0.755
11,20,0.95,77,0.7009716197283918,0.765
11,20,0.95,78,0.7280060583097273,0.775
11,20,0.95,79,0.7537044150287479,0.785
11,20,0.95,80,0.7777210228769316,0.795
11,20,0.95,81,0.7996675477669595,0.805
11,20,0.95,82,0.8191101920846753,0.8150000000000001
11,20,0.95,83,0.8355681262730077,0.8250000000000001
11,20,0.95,84,0.8485140165048797,0.8350000000000001
11,20,0.95,85,0.8573778397235352,0.845
11,20,0.95,86,0.8615555346467421,0.855
11,20,0.95,87,0.8604243688379213,0.865
11,20,0.95,88,0.8533670937023985,0.875
11,20,0.95,89,0.8398068279247398,0.885
11,20,0.95,90,0.819253903649133,0.895
11,20,0.95,91,0.7913643483621263,0.905
11,20,0.95,92,0.7560070563451349,0.915
11,20,0.95,93,0.7133330881187877,0.925
11,20,0.95,94,0.6638364829043527,0.935
11,20,0.95,95,0.6083926925845298,0.9450000000000001
11,20,0.95,96,0.5482599965707927,0.9550000000000001
11,20,0.95,97,0.48503273119501805,0.965
11,20,0.95,98,0.42054349011678627,0.975
11,20,0.95,99,0.3567232134386878,0.985
11,20,0.95,100,0.29543971462508867,0.995
12,20,0.7,1,0.6440406652778234,0.005
12,20,0.7,2,0.641440745031339,0.015
12,20,0.7,3,0.6340685365959952,0.025
12,20,0.7,4,0.6222680970481127,0.034999999999999996
12,20,0.7,5,0.6064786041774033,0.045
12,20,0.7,6,0.5872020098050028,0.055
12,20,0.7,7,0.5649738238125436,0.065
12,20,0.7,8,0.5403383186153345,0.07500000000000001
12,20,0.7,9,0.5138285878614043,0.085
12,20,0.7,10,0.48595133524123896,0.095
12,20,0.7,11,0.45717596431802143,0.10500000000000001
12,20,0.7,12,0.4279274102608822,0.115
12,20,0.7,13,0.3985821255394436,0.125
12,20,0.7,14,0.36946665126369793,0.135
12,20,0.7,15,0.3408582440582958,0.14500000000000002
12,20,0.7,16,0.3129870724734728,0.155
12,20,0.7,17,0.2860395439764346,0.165
12,20,0.7,18,0.2601623741422719,0.17500000000000002
12,20,0.7,19,0.23546706433209202,0.185
12,20,0.7,20,0.21203451202661724,0.195
12,20,0.7,21,0.18991953681189477,0.20500000000000002
12,20,0.7,22,0.1691551618526547,0.215
12,20,0.7,23,0.14975654271308397,0.225
12,20,0.7,24,0.13172448044139393,0.23500000000000001
12,20,0.7,25,0.11504849269597987,0.245
12,20,0.7,26,0.09970944504808271,0.255
12,20,0.7,27,0.08568176488762973,0.265
12,20,0.7,28,0.07293527353411189,0.275
12,20,0.7,29,0.061436679434948134,0.28500000000000003
12,20,0.7,30,0.051150778019878995,0.295
12,20,0.7,31,0.04204140311035148,0.305
12,20,0.7,32,0.034072171849997016,0.315
12,20,0.7,33,0.027207060831158668,0.325
12,20,0.7,34,0.021410846151455533,0.335
12,20,0.7,35,0.01664943506669032,0.34500000000000003
12,20,0.7,36,0.012890112072331915,0.35500000000000004
12,20,0.7,37,0.010101717870169375,0.365
12,20,0.7,38,0.008254775876949831,0.375
12,20,0.7,39,0.0073215777442231225,0.385
12,20,0.7,40,0.007276236761800948,0.395
12,20,0.7,41,0.008094715951918262,0.405
12,20,0.7,42,0.009754836046436134,0.41500000000000004
12,20,0.7,43,0.012236267285537507,0.425
12,20,0.7,44,0.015520507994453566,0.435
12,20,0.7,45,0.019590852103627487,0.445
12,20,0.7,46,0.024432347108199234,0.455
12,20,0.7,47,0.030031743359963427,0.465
12,20,0.7,48,0.0363774350091317,0.47500000000000003
12,20,0.7,49,0.04345939233862645,0.485
12,20,0.7,50,0.05126908464698325,0.495
12,20,0.7,51,0.059799392233911924,0.505
12,20,0.7,52,0.06904450542883556,0.515
12,20,0.7,53,0.07899980798482253,0.525
12,20,0.7,54,0.0896617415465191,0.535
12,20,0.7,55,0.10102764729708893,0.545
12,20,0.7,56,0.11309558029722294,0.555
12,20,0.7,57,0.12586409144388738,0.5650000000000001
12,20,0.7,58,0.13933197138482076,0.5750000000000001
12,20,0.7,59,0.15349795010611675,0.585
12,20,0.7,60,0.16836034523677865,0.595
12,20,0.7,61,0.18391665135329896,0.605
12,20,0.7,62,0.20016306168548928,0.615
12,20,0.7,63,0.21709391259280755,0.625
12,20,0.7,64,0.23470103998134081,0.635
12,20,0.7,65,0.252973035470492,0.645
12,20,0.7,66,0.27189438863506254,0.655
12,20,0.7,67,0.2914445001323582,0.665
12,20,0.7,68,0.31159654913246887,0.675
12,20,0.7,69,0.3323161974480158,0.685
12,20,0.7,70,0.35356011246192115,0.6950000000000001
12,20,0.7,71,0.37527429186361533,0.7050000000000001
12,20,0.7,72,0.3973921759611795,0.715
12,20,0.7,73,0.41983253873766346,0.725
12,20,0.7,74,0.4424971578261799,0.735
12,20,0.7,75,0.4652682772963167,0.745
12,20,0.7,76,0.4880058967734975,0.755
12,20,0.7,77,0.5105449471521135,0.765
12,20,0.7,78,0.5326924480576654,0.775
12,20,0.7,79,0.5542247859285864,0.785
12,20,0.7,80,0.5748853041052783,0.795
12,20,0.7,81,0.594382456544647,0.805
12,20,0.7,82,0.612388842135249,0.8150000000000001
12,20,0.7,83,0.6285415025571309,0.8250000000000001
12,20,0.7,84,0.6424439264472676,0.8350000000000001
12,20,0.7,85,0.6536702471851877,0.845
12,20,0.7,86,0.6617721397171457,0.855
12,20,0.7,87,0.6662889009694536,0.865
12,20,0.7,88,0.666761125919827,0.875
12,20,0.7,89,0.6627482560499814,0.885
12,20,0.7,90,0.6538500702736472,0.895
12,20,0.7,91,0.639731905784401,0.905
12,20,0.7,92,0.6201530364164295,0.915
12,20,0.7,93,0.5949972004859512,0.925
12,20,0.7,94,0.5643037621756264,0.935
12,20,0.7,95,0.5282974183677626,0.9450000000000001
12,20,0.7,96,0.4874137480150037,0.9550000000000001
12,20,0.7,97,0.44231729713897006,0.965
12,20,0.7,98,0.39390841091572865,0.975
12,20,0.7,99,0.3433148587544131,0.985
12,20,0.7,100,0.29186472559549764,0.995
13,1000000,1.,1,0.6671031661931418,0.005
13,1000000,1.,2,0.7102943246634889,0.015
13,1000000,1.,3,0.7464705421536267,0.025
13,1000000,1.,4,0.774005662356474,0.034999999999999996
13,1000000,1.,5,0.7917761176624621,0.045
13,1000000,1.,6,0.7992743365502326,0.055
13,1000000,1.,7,0.7966270962133686,0.065
13,1000000,1.,8,0.7845225440176481,0.07500000000000001
13,1000000,1.,9,0.764072204164028,0.085
13,1000000,1.,10,0.7366449974055905,0.095
13,1000000,1.,11,0.7037078195854827,0.10500000000000001
13,1000000,1.,12,0.6666960629749036,0.115
13,1000000,1.,13,0.6269240404759405,0.125
13,1000000,1.,14,0.5855344128311065,0.135
13,1000000,1.,15,0.5434793693624262,0.14500000000000002
13,1000000,1.,16,0.5015241252792002,0.155
13,1000000,1.,17,0.46026387593849105,0.165
13,1000000,1.,18,0.42014723941254417,0.17500000000000002
13,1000000,1.,19,0.38150138700372893,0.185
13,1000000,1.,20,0.34455595061590377,0.195
13,1000000,1.,21,0.3094642080502533,0.20500000000000002
13,1000000,1.,22,0.2763209885709489,0.215
13,1000000,1.,23,0.24517730428932327,0.225
13,1000000,1.,24,0.2160520081379248,0.23500000000000001
13,1000000,1.,25,0.1889409019047244,0.245
13,1000000,1.,26,0.16382373918918638,0.255
13,1000000,1.,27,0.14066953635471202,0.265
13,1000000,1.,28,0.11944054961016926,0.275
13,1000000,1.,29,0.1000952155623865,0.28500000000000003
13,1000000,1.,30,0.08259029498570633,0.295
13,1000000,1.,31,0.06688240917859457,0.305
13,1000000,1.,32,0.0529291162984639,0.315
13,1000000,1.,33,0.0406896411823132,0.325
13,1000000,1.,34,0.030125345404329346,0.335
13,1000000,1.,35,0.021200003513536736,0.34500000000000003
13,1000000,1.,36,0.013879935381272045,0.35500000000000004
13,1000000,1.,37,0.00813403234822384,0.365
13,1000000,1.,38,0.003933705540202127,0.375
13,1000000,1.,39,0.0012527776333475591,0.385
13,1000000,1.,40,0.00006733395405756815,0.395
13,1000000,1.,41,0.0003555446816163384,0.405
13,1000000,1.,42,0.0020974667673893223,0.41500000000000004
13,1000000,1.,43,0.00527483175658355,0.425
13,1000000,1.,44,0.009870823819649908,0.435
13,1000000,1.,45,0.015869850837681266,0.445
13,1000000,1.,46,0.02325731023965841,0.455
13,1000000,1.,47,0.03201935038282492,0.465
13,1000000,1.,48,0.042142627541357336,0.47500000000000003
13,1000000,1.,49,0.053614057975176495,0.485
13,1000000,1.,50,0.06642056405074526,0.495
13,1000000,1.,51,0.08054881294523723,0.505
13,1000000,1.,52,0.09598494605479004,0.515
13,1000000,1.,53,0.11271429681989141,0.525
13,1000000,1.,54,0.13072109425186515,0.535
13,1000000,1.,55,0.14998814897146426,0.545
13,1000000,1.,56,0.17049651803305507,0.555
13,1000000,1.,57,0.19222514418656939,0.5650000000000001
13,1000000,1.,58,0.2151504645062707,0.5750000000000001
13,1000000,1.,59,0.2392459824729524,0.585
13,1000000,1.,60,0.2644817966166935,0.595
13,1000000,1.,61,0.29082407769150675,0.605
13,1000000,1.,62,0.3182344850387788,0.615
13,1000000,1.,63,0.3466695112760222,0.625
13,1000000,1.,64,0.3760797426868042,0.635
13,1000000,1.,65,0.4064090206435361,0.645
13,1000000,1.,66,0.4375934870138588,0.655
13,1000000,1.,67,0.46956049372102715,0.665
13,1000000,1.,68,0.5022273533811735,0.675
13,1000000,1.,69,0.5354999041626791,0.685
13,1000000,1.,70,0.5692708576673438,0.6950000000000001
13,1000000,1.,71,0.6034178937431744,0.7050000000000001
13,1000000,1.,72,0.6378014608508672,0.715
13,1000000,1.,73,0.6722622352890202,0.725
13,1000000,1.,74,0.7066181879831559,0.735
13,1000000,1.,75,0.740661205021096,0.745
13,1000000,1.,76,0.7741532099940326,0.755
13,1000000,1.,77,0.8068217462569658,0.765
13,1000000,1.,78,0.8383550013617675,0.775
13,1000000,1.,79,0.8683963030397954,0.785
13,1000000,1.,80,0.8965381991049186,0.795
13,1000000,1.,81,0.9223163703206616,0.805
13,1000000,1.,82,0.9452038387571305,0.8150000000000001
13,1000000,1.,83,0.9646062517950864,0.8250000000000001
13,1000000,1.,84,0.9798594708718079,0.8350000000000001
13,1000000,1.,85,0.9902312907346715,0.845
13,1000000,1.,86,0.9949298444199949,0.855
13,1000000,1.,87,0.9931220302172787,0.865
13,1000000,1.,88,0.9839659320208921,0.875
13,1000000,1.,89,0.9666613238254017,0.885
13,1000000,1.,90,0.9405213793800217,0.895
13,1000000,1.,91,0.9050659316082064,0.905
13,1000000,1.,92,0.860131426628565,0.915
13,1000000,1.,93,0.8059850861285356,0.925
13,1000000,1.,94,0.7434220325301214,0.935
13,1000000,1.,95,0.6738173728091336,0.9450000000000001
13,1000000,1.,96,0.5991050368068935,0.9550000000000001
13,1000000,1.,97,0.5216655497517334,0.965
13,1000000,1.,98,0.4441261925077812,0.975
13,1000000,1.,99,0.36910335482177437,0.985
13,1000000,1.,100,0.2989375475923868,0.995
14,1000000,0.95,1,0.6625840259669457,0.005
14,1000000,0.95,2,0.6965422662091386,0.015
14,1000000,0.95,3,0.7236471205860399,0.025
14,1000000,0.95,4,0.7427779501216447,0.034999999999999996
14,1000000,0.95,5,0.7532535386826609,0.045
14,1000000,0.95,6,0.7548874869892651,0.055
14,1000000,0.95,7,0.7479749451316622,0.065
14,1000000,0.95,8,0.7332192175055243,0.07500000000000001
14,1000000,0.95,9,0.7116194083950462,0.085
14,1000000,0.95,10,0.6843447822035359,0.095
14,1000000,0.95,11,0.6526181959177574,0.10500000000000001
14,1000000,0.95,12,0.6176230187925311,0.115
14,1000000,0.95,13,0.5804392034300774,0.125
14,1000000,0.95,14,0.5420072974802151,0.135
14,1000000,0.95,15,0.5031151950496976,0.14500000000000002
14,1000000,0.95,16,0.4644010486936971,0.155
14,1000000,0.95,17,0.4263661396623362,0.165
14,1000000,0.95,18,0.38939274698913945,0.17500000000000002
14,1000000,0.95,19,0.35376351327063504,0.185
14,1000000,0.95,20,0.31968010903515454,0.195
14,1000000,0.95,21,0.28728000246789565,0.20500000000000002
14,1000000,0.95,22,0.25665083500995967,0.215
14,1000000,0.95,23,0.22784233665664283,0.225
14,1000000,0.95,24,0.20087595592774146,0.23500000000000001
14,1000000,0.95,25,0.1757524915711034,0.245
14,1000000,0.95,26,0.15245804556527712,0.255
14,1000000,0.95,27,0.1309686049152532,0.265
14,1000000,0.95,28,0.11125352597734575,0.275
14,1000000,0.95,29,0.0932781535199209,0.28500000000000003
14,1000000,0.95,30,0.0770057652171063,0.295
14,1000000,0.95,31,0.06239899466214113,0.305
14,1000000,0.95,32,0.04942085380737424,0.315
14,1000000,0.95,33,0.03803544920889474,0.325
14,1000000,0.95,34,0.028208465132404905,0.335
14,1000000,0.95,35,0.019907469743197674,0.34500000000000003
14,1000000,0.95,36,0.013102087475233825,0.35500000000000004
14,1000000,0.95,37,0.007764070518912725,0.365
14,1000000,0.95,38,0.003867294547137457,0.375
14,1000000,0.95,39,0.0013876977872014995,0.385
14,1000000,0.95,40,0.00030317791927944696,0.395
14,1000000,0.95,41,0.0005934577102997795,0.405
14,1000000,0.95,42,0.002239927520610127,0.41500000000000004
14,1000000,0.95,43,0.005225470657234342,0.425
14,1000000,0.95,44,0.009534275846371612,0.435
14,1000000,0.95,45,0.015151639749822265,0.445
14,1000000,0.95,46,0.022063761372676027,0.455
14,1000000,0.95,47,0.030257529339609252,0.465
14,1000000,0.95,48,0.039720302304981456,0.47500000000000003
14,1000000,0.95,49,0.050439682167624955,0.485
14,1000000,0.95,50,0.06240327925141633,0.495
14,1000000,0.95,51,0.07559846815862098,0.505
14,1000000,0.95,52,0.09001213257912649,0.515
14,1000000,0.95,53,0.10563039692210209,0.525
14,1000000,0.95,54,0.12243834220662204,0.535
14,1000000,0.95,55,0.140419703185709,0.545
14,1000000,0.95,56,0.15955654316746765,0.555
14,1000000,0.95,57,0.17982890242284202,0.5650000000000001
14,1000000,0.95,58,0.20121441541917448,0.5750000000000001
14,1000000,0.95,59,0.22368789138069858,0.585
14,1000000,0.95,60,0.24722085184056206,0.595
14,1000000,0.95,61,0.27178101790285786,0.605
14,1000000,0.95,62,0.2973317388646856,0.615
14,1000000,0.95,63,0.3238313526415664,0.625
14,1000000,0.95,64,0.3512324670739938,0.635
14,1000000,0.95,65,0.3794811496420314,0.645
14,1000000,0.95,66,0.40851601134618915,0.655
14,1000000,0.95,67,0.43826716848969277,0.665
14,1000000,0.95,68,0.46865506378443567,0.675
14,1000000,0.95,69,0.4995891255779463,0.685
14,1000000,0.95,70,0.5309662410729904,0.6950000000000001
14,1000000,0.95,71,0.5626690162657046,0.7050000000000001
14,1000000,0.95,72,0.5945637921696292,0.715
14,1000000,0.95,73,0.6264983841440719,0.725
14,1000000,0.95,74,0.6582995095762324,0.735
14,1000000,0.95,75,0.6897698700887913,0.745
14,1000000,0.95,76,0.7206848599820596,0.755
14,1000000,0.95,77,0.7507888860749511,0.765
14,1000000,0.95,78,0.7797913104321421,0.775
14,1000000,0.95,79,0.8073620738046511,0.785
14,1000000,0.95,80,0.8331271338705449,0.795
14,1000000,0.95,81,0.8566639715627894,0.805
14,1000000,0.95,82,0.8774975968256133,0.8150000000000001
14,1000000,0.95,83,0.8950977393000197,0.8250000000000001
14,1000000,0.95,84,0.9088782541920245,0.8350000000000001
14,1000000,0.95,85,0.9182002122179007,0.845
14,1000000,0.95,86,0.92238065220948,0.855
14,1000000,0.95,87,0.9207094835863953,0.865
14,1000000,0.95,88,0.912477381729461,0.875
14,1000000,0.95,89,0.8970174613301756,0.885
14,1000000,0.95,90,0.8737626627211664,0.895
14,1000000,0.95,91,0.842318700348622,0.905
14,1000000,0.95,92,0.8025487547229484,0.915
14,1000000,0.95,93,0.7546608967981124,0.925
14,1000000,0.95,94,0.6992833759556872,0.935
14,1000000,0.95,95,0.637508315879026,0.9450000000000001
14,1000000,0.95,96,0.5708838309605627,0.9550000000000001
14,1000000,0.95,97,0.501340657787779,0.965
14,1000000,0.95,98,0.4310526471175584,0.975
14,1000000,0.95,99,0.3622479345149128,0.985
14,1000000,0.95,100,0.2970030984226643,0.995
15,1000000,0.7,1,0.6466184107450812,0.005
15,1000000,0.7,2,0.6486042475647379,0.015
15,1000000,0.7,3,0.6450856543938879,0.025
15,1000000,0.7,4,0.6364408228162902,0.034999999999999996
15,1000000,0.7,5,0.6231465839663788,0.045
15,1000000,0.7,6,0.6057485672386761,0.055
15,1000000,0.7,7,0.5848333795403553,0.065
15,1000000,0.7,8,0.5610035727233882,0.07500000000000001
15,1000000,0.7,9,0.5348559541709575,0.085
15,1000000,0.7,10,0.5069636319776142,0.095
15,1000000,0.7,11,0.4778620112984743,0.10500000000000001
15,1000000,0.7,12,0.44803875704499185,0.115
15,1000000,0.7,13,0.4179275273556206,0.125
15,1000000,0.7,14,0.38790509251031485,0.135
15,1000000,0.7,15,0.3582913124054919,0.14500000000000002
15,1000000,0.7,16,0.3293513673470963,0.155
15,1000000,0.7,17,0.301299622616127,0.165
15,1000000,0.7,18,0.2743045467651203,0.17500000000000002
15,1000000,0.7,19,0.2484941806178675,0.185
15,1000000,0.7,20,0.22396175098286167,0.195
15,1000000,0.7,21,0.20077112493064328,0.20500000000000002
15,1000000,0.7,22,0.1789618959145174,0.215
15,1000000,0.7,23,0.1585539751689683,0.225
15,1000000,0.7,24,0.13955162762043355,0.23500000000000001
15,1000000,0.7,25,0.12194694072360272,0.245
15,1000000,0.7,26,0.10572274871760094,0.255
15,1000000,0.7,27,0.09085505622864652,0.265
15,1000000,0.7,28,0.07731501666427187,0.275
15,1000000,0.7,29,0.06507052506271946,0.28500000000000003
15,1000000,0.7,30,0.05408748425086763,0.295
15,1000000,0.7,31,0.04433079916644142,0.305
15,1000000,0.7,32,0.03576514842470716,0.315
15,1000000,0.7,33,0.028355575678108622,0.325
15,1000000,0.7,34,0.02206793672800546,0.335
15,1000000,0.7,35,0.01686923214456257,0.34500000000000003
15,1000000,0.7,36,0.012727849585696368,0.35500000000000004
15,1000000,0.7,37,0.00961373519226656,0.365
15,1000000,0.7,38,0.007498509392925691,0.375
15,1000000,0.7,39,0.006355539135413112,0.385
15,1000000,0.7,40,0.006159975892795999,0.395
15,1000000,0.7,41,0.006888766676762474,0.405
15,1000000,0.7,42,0.008520643624347317,0.41500000000000004
15,1000000,0.7,43,0.011036096412124963,0.425
15,1000000,0.7,44,0.014417330704992185,0.435
15,1000000,0.7,45,0.01864821498962909,0.445
15,1000000,0.7,46,0.023714217413688964,0.455
15,1000000,0.7,47,0.029602333602529025,0.465
15,1000000,0.7,48,0.036301005820477066,0.47500000000000003
15,1000000,0.7,49,0.04380003325921002,0.485
15,1000000,0.7,50,0.052090472657285475,0.495
15,1000000,0.7,51,0.06116452787516028,0.505
15,1000000,0.7,52,0.07101542646739024,0.515
15,1000000,0.7,53,0.08163728070955101,0.525
15,1000000,0.7,54,0.09302492995427884,0.535
15,1000000,0.7,55,0.10517376061047898,0.545
15,1000000,0.7,56,0.11807949946156844,0.555
15,1000000,0.7,57,0.13173797545826818,0.5650000000000001
15,1000000,0.7,58,0.14614484452995447,0.5750000000000001
15,1000000,0.7,59,0.16129527134189373,0.585
15,1000000,0.7,60,0.1771835612649655,0.595
15,1000000,0.7,61,0.19380273509708487,0.605
15,1000000,0.7,62,0.21114403825713327,0.615
15,1000000,0.7,63,0.22919637524009873,0.625
15,1000000,0.7,64,0.24794565906032412,0.635
15,1000000,0.7,65,0.26737406421601767,0.645
15,1000000,0.7,66,0.28745917040364727,0.655
15,1000000,0.7,67,0.3081729828526541,0.665
15,1000000,0.7,68,0.329480813848476,0.675
15,1000000,0.7,69,0.3513400089468789,0.685
15,1000000,0.7,70,0.3736985008335572,0.6950000000000001
15,1000000,0.7,71,0.39649317415333946,0.7050000000000001
15,1000000,0.7,72,0.4196480264829748,0.715
15,1000000,0.7,73,0.44307211469859203,0.725
15,1000000,0.7,74,0.4666572832587331,0.735
15,1000000,0.7,75,0.490275682586537,0.745
15,1000000,0.7,76,0.5137771032211136,0.755
15,1000000,0.7,77,0.5369861763370989,0.765
15,1000000,0.7,78,0.559699525303017,0.775
15,1000000,0.7,79,0.581682997745708,0.785
15,1000000,0.7,80,0.6026691642444021,0.795
15,1000000,0.7,81,0.6223553384856818,0.805
15,1000000,0.7,82,0.6404024530325872,0.8150000000000001
15,1000000,0.7,83,0.6564352108636302,0.8250000000000001
15,1000000,0.7,84,0.670044018108137,0.8350000000000001
15,1000000,0.7,85,0.6807892761239066,0.845
15,1000000,0.7,86,0.6882086544283033,0.855
15,1000000,0.7,87,0.6918279584312264,0.865
15,1000000,0.7,88,0.6911761226253332,0.875
15,1000000,0.7,89,0.6858046761965819,0.885
15,1000000,0.7,90,0.6753117247745242,0.895
15,1000000,0.7,91,0.6593700625731376,0.905
15,1000000,0.7,92,0.6377584864290597,0.915
15,1000000,0.7,93,0.610394764725175,0.925
15,1000000,0.7,94,0.5773680817564417,0.935
15,1000000,0.7,95,0.5389682105297541,0.9450000000000001
15,1000000,0.7,96,0.4957082456927267,0.9550000000000001
15,1000000,0.7,97,0.4483375206794757,0.965
15,1000000,0.7,98,0.3978413823494473,0.975
15,1000000,0.7,99,0.34542482667902547,0.985
15,1000000,0.7,100,0.2924776415078984,0.995
